time,tcc_auto,tcc_empi,int_time
2026-02-20 00:00:13,87.5,100.0,135.35017690972222
2026-02-20 00:00:28,87.5,100.0,135.33367430555555
2026-02-20 00:00:43,87.5,100.0,135.3171717013889
2026-02-20 00:00:58,87.5,100.0,135.30066909722223
2026-02-20 00:01:13,87.5,100.0,135.28416649305555
2026-02-20 00:01:28,87.5,100.0,135.2676638888889
2026-02-20 00:01:43,87.5,100.0,135.25116128472223
2026-02-20 00:01:58,87.5,100.0,135.23465868055555
2026-02-20 00:02:13,87.5,100.0,135.21815607638888
2026-02-20 00:02:28,87.5,100.0,135.20165347222223
2026-02-20 00:02:43,87.5,100.0,135.18515086805556
2026-02-20 00:02:58,87.5,100.0,135.16864826388888
2026-02-20 00:03:13,87.5,100.0,135.15214565972224
2026-02-20 00:03:28,87.5,100.0,135.13564305555556
2026-02-20 00:03:43,87.5,100.0,135.1191404513889
2026-02-20 00:03:58,87.5,100.0,135.1026378472222
2026-02-20 00:04:13,87.5,100.0,135.08613524305557
2026-02-20 00:04:28,87.5,100.0,135.0696326388889
2026-02-20 00:04:43,87.5,100.0,135.05313003472222
2026-02-20 00:04:58,87.5,100.0,135.03662743055557
2026-02-20 00:05:13,87.5,100.0,135.0201248263889
2026-02-20 00:05:28,87.5,100.0,135.00362222222222
2026-02-20 00:05:43,87.5,100.0,134.98711961805554
2026-02-20 00:05:58,87.5,100.0,134.9706170138889
2026-02-20 00:06:13,87.5,100.0,134.95411440972222
2026-02-20 00:06:28,87.5,100.0,134.93761180555555
2026-02-20 00:06:43,87.5,100.0,134.9211092013889
2026-02-20 00:06:58,87.5,100.0,134.90460659722223
2026-02-20 00:07:13,87.5,100.0,134.88810399305555
2026-02-20 00:07:28,87.5,100.0,134.8716013888889
2026-02-20 00:07:43,87.5,100.0,134.85509878472223
2026-02-20 00:07:58,87.5,100.0,134.83859618055556
2026-02-20 00:08:13,87.5,100.0,134.82209357638888
2026-02-20 00:08:28,87.5,100.0,134.80559097222223
2026-02-20 00:08:43,87.5,100.0,134.78908836805556
2026-02-20 00:08:58,87.5,100.0,134.77258576388888
2026-02-20 00:09:13,87.5,100.0,134.75608315972224
2026-02-20 00:09:28,87.5,100.0,134.73958055555556
2026-02-20 00:09:43,87.5,100.0,134.7230779513889
2026-02-20 00:09:58,87.5,100.0,134.7065753472222
2026-02-20 00:10:13,87.5,100.0,134.69007274305557
2026-02-20 00:10:28,87.5,100.0,134.6735701388889
2026-02-20 00:10:43,87.5,100.0,134.65706753472222
2026-02-20 00:10:58,87.5,100.0,134.64056493055557
2026-02-20 00:11:13,87.5,100.0,134.6240623263889
2026-02-20 00:11:28,87.5,100.0,134.60755972222222
2026-02-20 00:11:43,87.5,100.0,134.59105711805555
2026-02-20 00:11:58,87.5,100.0,134.5745545138889
2026-02-20 00:12:13,87.5,100.0,134.55805190972222
2026-02-20 00:12:28,87.5,100.0,134.54154930555555
2026-02-20 00:12:43,87.5,100.0,134.5250467013889
2026-02-20 00:12:58,87.5,100.0,134.50854409722223
2026-02-20 00:13:13,87.5,100.0,134.49204149305555
2026-02-20 00:13:28,87.5,100.0,134.47553888888888
2026-02-20 00:13:43,87.5,100.0,134.45903628472223
2026-02-20 00:13:58,87.5,100.0,134.44253368055556
2026-02-20 00:14:13,87.5,100.0,134.42603107638888
2026-02-20 00:14:28,87.5,100.0,134.40952847222223
2026-02-20 00:14:43,87.5,100.0,134.39302586805556
2026-02-20 00:14:58,87.5,100.0,134.37652326388888
2026-02-20 00:15:13,87.5,100.0,134.36002065972224
2026-02-20 00:15:28,87.5,100.0,134.34351805555556
2026-02-20 00:15:43,87.5,100.0,134.3270154513889
2026-02-20 00:15:58,87.5,100.0,134.3105128472222
2026-02-20 00:16:13,87.5,100.0,134.29401024305557
2026-02-20 00:16:28,87.5,100.0,134.2775076388889
2026-02-20 00:16:43,87.5,100.0,134.26100503472222
2026-02-20 00:16:58,87.5,100.0,134.24450243055557
2026-02-20 00:17:13,87.5,100.0,134.2279998263889
2026-02-20 00:17:28,87.5,100.0,134.21149722222222
2026-02-20 00:17:43,87.5,100.0,134.19499461805555
2026-02-20 00:17:58,87.5,100.0,134.1784920138889
2026-02-20 00:18:13,87.5,100.0,134.16198940972222
2026-02-20 00:18:28,87.5,100.0,134.14548680555555
2026-02-20 00:18:43,87.5,100.0,134.1289842013889
2026-02-20 00:18:58,87.5,100.0,134.11248159722223
2026-02-20 00:19:13,87.5,100.0,134.09597899305555
2026-02-20 00:19:28,87.5,100.0,134.07947638888888
2026-02-20 00:19:43,87.5,100.0,134.06297378472223
2026-02-20 00:19:58,87.5,100.0,134.04647118055556
2026-02-20 00:20:13,87.5,100.0,134.02996857638888
2026-02-20 00:20:28,87.5,100.0,134.01346597222224
2026-02-20 00:20:43,87.5,100.0,133.99696336805556
2026-02-20 00:20:58,87.5,100.0,133.98046076388889
2026-02-20 00:21:13,87.5,100.0,133.9639581597222
2026-02-20 00:21:28,87.5,100.0,133.94745555555556
2026-02-20 00:21:43,87.5,100.0,133.9309529513889
2026-02-20 00:21:58,87.5,100.0,133.9144503472222
2026-02-20 00:22:13,87.5,100.0,133.89794774305557
2026-02-20 00:22:28,87.5,100.0,133.8814451388889
2026-02-20 00:22:43,87.5,100.0,133.86494253472222
2026-02-20 00:22:58,87.5,100.0,133.84843993055557
2026-02-20 00:23:13,87.5,100.0,133.8319373263889
2026-02-20 00:23:28,87.5,100.0,133.81543472222222
2026-02-20 00:23:43,87.5,100.0,133.79893211805555
2026-02-20 00:23:58,87.5,100.0,133.7824295138889
2026-02-20 00:24:13,87.5,100.0,133.76592690972222
2026-02-20 00:24:28,87.5,100.0,133.74942430555555
2026-02-20 00:24:43,87.5,100.0,133.7329217013889
2026-02-20 00:24:58,87.5,100.0,133.71641909722223
2026-02-20 00:25:13,87.5,100.0,133.69991649305555
2026-02-20 00:25:28,87.5,100.0,133.68341388888888
2026-02-20 00:25:43,87.5,100.0,133.66691128472223
2026-02-20 00:25:58,87.5,100.0,133.65040868055556
2026-02-20 00:26:13,87.5,100.0,133.63390607638888
2026-02-20 00:26:28,87.5,100.0,133.61740347222224
2026-02-20 00:26:43,87.5,100.0,133.60090086805556
2026-02-20 00:26:58,87.5,100.0,133.5843982638889
2026-02-20 00:27:13,87.5,100.0,133.56789565972224
2026-02-20 00:27:28,87.5,100.0,133.55139305555556
2026-02-20 00:27:43,87.5,100.0,133.5348904513889
2026-02-20 00:27:58,87.5,100.0,133.51838784722221
2026-02-20 00:28:13,87.5,100.0,133.50188524305557
2026-02-20 00:28:28,87.5,100.0,133.4853826388889
2026-02-20 00:28:43,87.5,100.0,133.46888003472222
2026-02-20 00:28:58,87.5,100.0,133.45237743055557
2026-02-20 00:29:13,87.5,100.0,133.4358748263889
2026-02-20 00:29:28,87.5,100.0,133.41937222222222
2026-02-20 00:29:43,87.5,100.0,133.40286961805555
2026-02-20 00:29:58,87.5,100.0,133.3863670138889
2026-02-20 00:30:13,87.5,100.0,133.36986440972223
2026-02-20 00:30:28,87.5,100.0,133.35336180555555
2026-02-20 00:30:43,87.5,100.0,133.3368592013889
2026-02-20 00:30:58,87.5,100.0,133.32035659722223
2026-02-20 00:31:13,87.5,100.0,133.30385399305555
2026-02-20 00:31:28,87.5,100.0,133.28735138888888
2026-02-20 00:31:43,87.5,100.0,133.27084878472223
2026-02-20 00:31:58,87.5,100.0,133.25434618055556
2026-02-20 00:32:13,87.5,100.0,133.23784357638888
2026-02-20 00:32:28,87.5,100.0,133.22134097222224
2026-02-20 00:32:43,87.5,100.0,133.20483836805556
2026-02-20 00:32:58,87.5,100.0,133.1883357638889
2026-02-20 00:33:13,87.5,100.0,133.1718331597222
2026-02-20 00:33:28,87.5,100.0,133.15533055555557
2026-02-20 00:33:43,87.5,100.0,133.1388279513889
2026-02-20 00:33:58,87.5,100.0,133.12232534722222
2026-02-20 00:34:13,87.5,100.0,133.10582274305557
2026-02-20 00:34:28,87.5,100.0,133.0893201388889
2026-02-20 00:34:43,87.5,100.0,133.07281753472222
2026-02-20 00:34:58,87.5,100.0,133.05631493055557
2026-02-20 00:35:13,87.5,100.0,133.0398123263889
2026-02-20 00:35:28,87.5,100.0,133.02330972222222
2026-02-20 00:35:43,87.5,100.0,133.00680711805555
2026-02-20 00:35:58,87.5,100.0,132.9903045138889
2026-02-20 00:36:13,87.5,100.0,132.97380190972223
2026-02-20 00:36:28,87.5,100.0,132.95729930555555
2026-02-20 00:36:43,87.5,100.0,132.9407967013889
2026-02-20 00:36:58,87.5,100.0,132.92429409722223
2026-02-20 00:37:13,87.5,100.0,132.90779149305556
2026-02-20 00:37:28,87.5,100.0,132.89128888888888
2026-02-20 00:37:43,87.5,100.0,132.87478628472223
2026-02-20 00:37:58,87.5,100.0,132.85828368055556
2026-02-20 00:38:13,87.5,100.0,132.84178107638888
2026-02-20 00:38:28,87.5,100.0,132.82527847222224
2026-02-20 00:38:43,87.5,100.0,132.80877586805556
2026-02-20 00:38:58,87.5,100.0,132.7922732638889
2026-02-20 00:39:13,87.5,100.0,132.7757706597222
2026-02-20 00:39:28,87.5,100.0,132.75926805555557
2026-02-20 00:39:43,87.5,100.0,132.7427654513889
2026-02-20 00:39:58,87.5,100.0,132.72626284722222
2026-02-20 00:40:13,87.5,100.0,132.70976024305557
2026-02-20 00:40:28,87.5,100.0,132.6932576388889
2026-02-20 00:40:43,87.5,100.0,132.67675503472222
2026-02-20 00:40:58,87.5,100.0,132.66025243055554
2026-02-20 00:41:13,87.5,100.0,132.6437498263889
2026-02-20 00:41:28,87.5,100.0,132.62724722222222
2026-02-20 00:41:43,87.5,100.0,132.61074461805555
2026-02-20 00:41:58,87.5,100.0,132.5942420138889
2026-02-20 00:42:13,87.5,100.0,132.57773940972223
2026-02-20 00:42:28,87.5,100.0,132.56123680555555
2026-02-20 00:42:43,87.5,100.0,132.5447342013889
2026-02-20 00:42:58,87.5,100.0,132.52823159722223
2026-02-20 00:43:13,87.5,100.0,132.51172899305556
2026-02-20 00:43:28,87.5,100.0,132.49522638888888
2026-02-20 00:43:43,87.5,100.0,132.47872378472223
2026-02-20 00:43:58,87.5,100.0,132.46222118055556
2026-02-20 00:44:13,87.5,100.0,132.44571857638888
2026-02-20 00:44:28,87.5,100.0,132.42921597222224
2026-02-20 00:44:43,87.5,100.0,132.41271336805556
2026-02-20 00:44:58,87.5,100.0,132.3962107638889
2026-02-20 00:45:13,87.5,100.0,132.3797081597222
2026-02-20 00:45:28,87.5,100.0,132.36320555555557
2026-02-20 00:45:43,87.5,100.0,132.3467029513889
2026-02-20 00:45:58,87.5,100.0,132.33020034722222
2026-02-20 00:46:13,87.5,100.0,132.31369774305557
2026-02-20 00:46:28,87.5,100.0,132.2971951388889
2026-02-20 00:46:43,87.5,100.0,132.28069253472222
2026-02-20 00:46:58,87.5,100.0,132.26418993055555
2026-02-20 00:47:13,87.5,100.0,132.2476873263889
2026-02-20 00:47:28,87.5,100.0,132.23118472222222
2026-02-20 00:47:43,87.5,100.0,132.21468211805555
2026-02-20 00:47:58,87.5,100.0,132.1981795138889
2026-02-20 00:48:13,87.5,100.0,132.18167690972223
2026-02-20 00:48:28,87.5,100.0,132.16517430555555
2026-02-20 00:48:43,87.5,100.0,132.14867170138888
2026-02-20 00:48:58,87.5,100.0,132.13216909722223
2026-02-20 00:49:13,87.5,100.0,132.11566649305556
2026-02-20 00:49:28,87.5,100.0,132.09916388888888
2026-02-20 00:49:43,87.5,100.0,132.08266128472223
2026-02-20 00:49:58,87.5,100.0,132.06615868055556
2026-02-20 00:50:13,87.5,100.0,132.04965607638889
2026-02-20 00:50:28,87.5,100.0,132.03315347222224
2026-02-20 00:50:43,87.5,100.0,132.01665086805556
2026-02-20 00:50:58,87.5,100.0,132.0001482638889
2026-02-20 00:51:13,87.5,100.0,131.9836456597222
2026-02-20 00:51:28,87.5,100.0,131.96714305555557
2026-02-20 00:51:43,87.5,100.0,131.9506404513889
2026-02-20 00:51:58,87.5,100.0,131.93413784722222
2026-02-20 00:52:13,87.5,100.0,131.91763524305557
2026-02-20 00:52:28,87.5,100.0,131.9011326388889
2026-02-20 00:52:43,87.5,100.0,131.88463003472222
2026-02-20 00:52:58,87.5,100.0,131.86812743055555
2026-02-20 00:53:13,87.5,100.0,131.8516248263889
2026-02-20 00:53:28,87.5,100.0,131.83512222222222
2026-02-20 00:53:43,87.5,100.0,131.81861961805555
2026-02-20 00:53:58,87.5,100.0,131.8021170138889
2026-02-20 00:54:13,87.5,100.0,131.78561440972223
2026-02-20 00:54:28,87.5,100.0,131.76911180555555
2026-02-20 00:54:43,87.5,100.0,131.75260920138888
2026-02-20 00:54:58,87.5,100.0,131.73610659722223
2026-02-20 00:55:13,87.5,100.0,131.71960399305556
2026-02-20 00:55:28,87.5,100.0,131.70310138888888
2026-02-20 00:55:43,87.5,100.0,131.68659878472224
2026-02-20 00:55:58,87.5,100.0,131.67009618055556
2026-02-20 00:56:13,87.5,100.0,131.6535935763889
2026-02-20 00:56:28,87.5,100.0,131.6370909722222
2026-02-20 00:56:43,87.5,100.0,131.62058836805556
2026-02-20 00:56:58,87.5,100.0,131.6040857638889
2026-02-20 00:57:13,87.5,100.0,131.58758315972221
2026-02-20 00:57:28,87.5,100.0,131.57108055555557
2026-02-20 00:57:43,87.5,100.0,131.5545779513889
2026-02-20 00:57:58,87.5,100.0,131.53807534722222
2026-02-20 00:58:13,87.5,100.0,131.52157274305557
2026-02-20 00:58:28,87.5,100.0,131.5050701388889
2026-02-20 00:58:43,87.5,100.0,131.48856753472222
2026-02-20 00:58:58,87.5,100.0,131.47206493055555
2026-02-20 00:59:13,87.5,100.0,131.4555623263889
2026-02-20 00:59:28,87.5,100.0,131.43905972222223
2026-02-20 00:59:43,87.5,100.0,131.42255711805555
2026-02-20 00:59:58,87.5,100.0,131.4060545138889
2026-02-20 01:00:13,87.5,100.0,131.38955190972223
2026-02-20 01:00:28,87.5,100.0,131.37304930555555
2026-02-20 01:00:43,87.5,100.0,131.35654670138888
2026-02-20 01:00:58,87.5,100.0,131.34004409722223
2026-02-20 01:01:13,87.5,100.0,131.32354149305556
2026-02-20 01:01:28,87.5,100.0,131.30703888888888
2026-02-20 01:01:43,87.5,100.0,131.29053628472224
2026-02-20 01:01:58,87.5,100.0,131.27403368055556
2026-02-20 01:02:13,87.5,100.0,131.2575310763889
2026-02-20 01:02:28,87.5,100.0,131.2410284722222
2026-02-20 01:02:43,87.5,100.0,131.22452586805557
2026-02-20 01:02:58,87.5,100.0,131.2080232638889
2026-02-20 01:03:13,87.5,100.0,131.19152065972222
2026-02-20 01:03:28,87.5,100.0,131.17501805555557
2026-02-20 01:03:43,87.5,100.0,131.1585154513889
2026-02-20 01:03:58,87.5,100.0,131.14201284722222
2026-02-20 01:04:13,87.5,100.0,131.12551024305554
2026-02-20 01:04:28,87.5,100.0,131.1090076388889
2026-02-20 01:04:43,87.5,100.0,131.09250503472222
2026-02-20 01:04:58,87.5,100.0,131.07600243055555
2026-02-20 01:05:13,87.5,100.0,131.0594998263889
2026-02-20 01:05:28,87.5,100.0,131.04299722222223
2026-02-20 01:05:43,87.5,100.0,131.02649461805555
2026-02-20 01:05:58,87.5,100.0,131.0099920138889
2026-02-20 01:06:13,87.5,100.0,130.99348940972223
2026-02-20 01:06:28,87.5,100.0,130.97698680555555
2026-02-20 01:06:43,87.5,100.0,130.96048420138888
2026-02-20 01:06:58,87.5,100.0,130.94398159722223
2026-02-20 01:07:13,87.5,100.0,130.92747899305556
2026-02-20 01:07:28,87.5,100.0,130.91097638888888
2026-02-20 01:07:43,87.5,100.0,130.89447378472224
2026-02-20 01:07:58,87.5,100.0,130.87797118055556
2026-02-20 01:08:13,87.5,100.0,130.8614685763889
2026-02-20 01:08:28,87.5,100.0,130.8449659722222
2026-02-20 01:08:43,87.5,100.0,130.82846336805557
2026-02-20 01:08:58,87.5,100.0,130.8119607638889
2026-02-20 01:09:13,87.5,100.0,130.79545815972222
2026-02-20 01:09:28,87.5,100.0,130.77895555555557
2026-02-20 01:09:43,87.5,100.0,130.7624529513889
2026-02-20 01:09:58,87.5,100.0,130.74595034722222
2026-02-20 01:10:13,87.5,100.0,130.72944774305554
2026-02-20 01:10:28,87.5,100.0,130.7129451388889
2026-02-20 01:10:43,87.5,100.0,130.69644253472222
2026-02-20 01:10:58,87.5,100.0,130.67993993055555
2026-02-20 01:11:13,87.5,100.0,130.6634373263889
2026-02-20 01:11:28,87.5,100.0,130.64693472222223
2026-02-20 01:11:43,87.5,100.0,130.63043211805555
2026-02-20 01:11:58,87.5,100.0,130.61392951388888
2026-02-20 01:12:13,87.5,100.0,130.59742690972223
2026-02-20 01:12:28,87.5,100.0,130.58092430555556
2026-02-20 01:12:43,87.5,100.0,130.56442170138888
2026-02-20 01:12:58,87.5,100.0,130.54791909722223
2026-02-20 01:13:13,87.5,100.0,130.53141649305556
2026-02-20 01:13:28,87.5,100.0,130.51491388888888
2026-02-20 01:13:43,87.5,100.0,130.49841128472224
2026-02-20 01:13:58,87.5,100.0,130.48190868055556
2026-02-20 01:14:13,87.5,100.0,130.4654060763889
2026-02-20 01:14:28,100.0,100.0,130.4489034722222
2026-02-20 01:14:43,100.0,100.0,130.43240086805557
2026-02-20 01:14:58,100.0,100.0,130.4158982638889
2026-02-20 01:15:13,100.0,100.0,130.39939565972222
2026-02-20 01:15:28,100.0,100.0,130.38289305555557
2026-02-20 01:15:43,100.0,100.0,130.3663904513889
2026-02-20 01:15:58,100.0,100.0,130.34988784722222
2026-02-20 01:16:13,100.0,100.0,130.33338524305555
2026-02-20 01:16:28,100.0,100.0,130.3168826388889
2026-02-20 01:16:43,100.0,100.0,130.30038003472222
2026-02-20 01:16:58,100.0,100.0,130.28387743055555
2026-02-20 01:17:13,100.0,100.0,130.2673748263889
2026-02-20 01:17:28,100.0,100.0,130.25087222222223
2026-02-20 01:17:43,100.0,100.0,130.23436961805555
2026-02-20 01:17:58,100.0,100.0,130.21786701388888
2026-02-20 01:18:13,100.0,100.0,130.20136440972223
2026-02-20 01:18:28,100.0,100.0,130.18486180555556
2026-02-20 01:18:43,100.0,100.0,130.16835920138888
2026-02-20 01:18:58,100.0,100.0,130.15185659722223
2026-02-20 01:19:13,100.0,100.0,130.13535399305556
2026-02-20 01:19:28,100.0,100.0,130.11885138888888
2026-02-20 01:19:43,100.0,100.0,130.10234878472224
2026-02-20 01:19:58,100.0,100.0,130.08584618055556
2026-02-20 01:20:13,100.0,100.0,130.0693435763889
2026-02-20 01:20:28,100.0,100.0,130.0528409722222
2026-02-20 01:20:43,100.0,100.0,130.03633836805557
2026-02-20 01:20:58,100.0,100.0,130.0198357638889
2026-02-20 01:21:13,100.0,100.0,130.00333315972222
2026-02-20 01:21:28,100.0,100.0,129.98683055555557
2026-02-20 01:21:43,100.0,100.0,129.9703279513889
2026-02-20 01:21:58,100.0,100.0,129.95382534722222
2026-02-20 01:22:13,100.0,100.0,129.93732274305555
2026-02-20 01:22:28,100.0,100.0,129.9208201388889
2026-02-20 01:22:43,100.0,100.0,129.90431753472222
2026-02-20 01:22:58,100.0,100.0,129.88781493055555
2026-02-20 01:23:13,100.0,100.0,129.8713123263889
2026-02-20 01:23:28,100.0,100.0,129.85480972222223
2026-02-20 01:23:43,100.0,100.0,129.83830711805555
2026-02-20 01:23:58,100.0,100.0,129.82180451388888
2026-02-20 01:24:13,100.0,100.0,129.80530190972223
2026-02-20 01:24:28,100.0,100.0,129.78879930555556
2026-02-20 01:24:43,100.0,100.0,129.77229670138888
2026-02-20 01:24:58,100.0,100.0,129.75579409722224
2026-02-20 01:25:13,100.0,100.0,129.73929149305556
2026-02-20 01:25:28,100.0,100.0,129.72278888888889
2026-02-20 01:25:43,100.0,100.0,129.7062862847222
2026-02-20 01:25:58,100.0,100.0,129.68978368055556
2026-02-20 01:26:13,100.0,100.0,129.6732810763889
2026-02-20 01:26:28,100.0,100.0,129.65677847222221
2026-02-20 01:26:43,100.0,100.0,129.64027586805557
2026-02-20 01:26:58,100.0,100.0,129.6237732638889
2026-02-20 01:27:13,100.0,100.0,129.60727065972222
2026-02-20 01:27:28,100.0,100.0,129.59076805555557
2026-02-20 01:27:43,100.0,100.0,129.5742654513889
2026-02-20 01:27:58,100.0,100.0,129.55776284722222
2026-02-20 01:28:13,100.0,100.0,129.54126024305555
2026-02-20 01:28:28,100.0,100.0,129.5247576388889
2026-02-20 01:28:43,100.0,100.0,129.50825503472223
2026-02-20 01:28:58,100.0,100.0,129.49175243055555
2026-02-20 01:29:13,100.0,100.0,129.4752498263889
2026-02-20 01:29:28,100.0,100.0,129.45874722222223
2026-02-20 01:29:43,100.0,100.0,129.44224461805555
2026-02-20 01:29:58,100.0,100.0,129.42574201388888
2026-02-20 01:30:13,100.0,100.0,129.40923940972223
2026-02-20 01:30:28,100.0,100.0,129.39273680555556
2026-02-20 01:30:43,100.0,100.0,129.37623420138888
2026-02-20 01:30:58,100.0,100.0,129.35973159722224
2026-02-20 01:31:13,100.0,100.0,129.34322899305556
2026-02-20 01:31:28,100.0,100.0,129.3267263888889
2026-02-20 01:31:43,100.0,100.0,129.3102237847222
2026-02-20 01:31:58,100.0,100.0,129.29372118055556
2026-02-20 01:32:13,100.0,100.0,129.2772185763889
2026-02-20 01:32:28,100.0,100.0,129.26071597222221
2026-02-20 01:32:43,100.0,100.0,129.24421336805557
2026-02-20 01:32:58,100.0,100.0,129.2277107638889
2026-02-20 01:33:13,100.0,100.0,129.21120815972222
2026-02-20 01:33:28,100.0,100.0,129.19470555555554
2026-02-20 01:33:43,100.0,100.0,129.1782029513889
2026-02-20 01:33:58,100.0,100.0,129.16170034722222
2026-02-20 01:34:13,100.0,100.0,129.14519774305555
2026-02-20 01:34:28,100.0,100.0,129.1286951388889
2026-02-20 01:34:43,100.0,100.0,129.11219253472223
2026-02-20 01:34:58,100.0,100.0,129.09568993055555
2026-02-20 01:35:13,100.0,100.0,129.0791873263889
2026-02-20 01:35:28,100.0,100.0,129.06268472222223
2026-02-20 01:35:43,100.0,100.0,129.04618211805555
2026-02-20 01:35:58,100.0,100.0,129.02967951388888
2026-02-20 01:36:13,100.0,100.0,129.01317690972223
2026-02-20 01:36:28,100.0,100.0,128.99667430555556
2026-02-20 01:36:43,100.0,100.0,128.98017170138888
2026-02-20 01:36:58,100.0,100.0,128.96366909722224
2026-02-20 01:37:13,100.0,100.0,128.94716649305556
2026-02-20 01:37:28,100.0,100.0,128.9306638888889
2026-02-20 01:37:43,100.0,100.0,128.9141612847222
2026-02-20 01:37:58,100.0,100.0,128.89765868055557
2026-02-20 01:38:13,100.0,100.0,128.8811560763889
2026-02-20 01:38:28,100.0,100.0,128.86465347222222
2026-02-20 01:38:43,100.0,100.0,128.84815086805557
2026-02-20 01:38:58,100.0,100.0,128.8316482638889
2026-02-20 01:39:13,100.0,100.0,128.81514565972222
2026-02-20 01:39:28,100.0,100.0,128.79864305555554
2026-02-20 01:39:43,100.0,100.0,128.7821404513889
2026-02-20 01:39:58,100.0,100.0,128.76563784722222
2026-02-20 01:40:13,100.0,100.0,128.74913524305555
2026-02-20 01:40:28,100.0,100.0,128.7326326388889
2026-02-20 01:40:43,100.0,100.0,128.71613003472223
2026-02-20 01:40:58,100.0,100.0,128.69962743055555
2026-02-20 01:41:13,100.0,100.0,128.6831248263889
2026-02-20 01:41:28,100.0,100.0,128.66662222222223
2026-02-20 01:41:43,100.0,100.0,128.65011961805556
2026-02-20 01:41:58,100.0,100.0,128.63361701388888
2026-02-20 01:42:13,100.0,100.0,128.61711440972223
2026-02-20 01:42:28,100.0,100.0,128.60061180555556
2026-02-20 01:42:43,100.0,100.0,128.58410920138888
2026-02-20 01:42:58,100.0,100.0,128.56760659722224
2026-02-20 01:43:13,100.0,100.0,128.55110399305556
2026-02-20 01:43:28,100.0,100.0,128.5346013888889
2026-02-20 01:43:43,100.0,100.0,128.5180987847222
2026-02-20 01:43:58,100.0,100.0,128.50159618055557
2026-02-20 01:44:13,100.0,100.0,128.4850935763889
2026-02-20 01:44:28,100.0,100.0,128.46859097222222
2026-02-20 01:44:43,100.0,100.0,128.45208836805557
2026-02-20 01:44:58,100.0,100.0,128.4355857638889
2026-02-20 01:45:13,100.0,100.0,128.41908315972222
2026-02-20 01:45:28,100.0,100.0,128.40258055555555
2026-02-20 01:45:43,100.0,100.0,128.3860779513889
2026-02-20 01:45:58,100.0,100.0,128.36957534722222
2026-02-20 01:46:13,100.0,100.0,128.35307274305555
2026-02-20 01:46:28,100.0,100.0,128.3365701388889
2026-02-20 01:46:43,100.0,100.0,128.32006753472223
2026-02-20 01:46:58,100.0,100.0,128.30356493055555
2026-02-20 01:47:13,100.0,100.0,128.28706232638888
2026-02-20 01:47:28,100.0,100.0,128.27055972222223
2026-02-20 01:47:43,100.0,100.0,128.25405711805556
2026-02-20 01:47:58,100.0,100.0,128.23755451388888
2026-02-20 01:48:13,100.0,100.0,128.22105190972223
2026-02-20 01:48:28,100.0,100.0,128.20454930555556
2026-02-20 01:48:43,100.0,100.0,128.18804670138888
2026-02-20 01:48:58,100.0,100.0,128.17154409722224
2026-02-20 01:49:13,100.0,100.0,128.15504149305556
2026-02-20 01:49:28,100.0,100.0,128.1385388888889
2026-02-20 01:49:43,100.0,100.0,128.1220362847222
2026-02-20 01:49:58,100.0,100.0,128.10553368055557
2026-02-20 01:50:13,100.0,100.0,128.0890310763889
2026-02-20 01:50:28,100.0,100.0,128.07252847222222
2026-02-20 01:50:43,100.0,100.0,128.05602586805557
2026-02-20 01:50:58,100.0,100.0,128.0395232638889
2026-02-20 01:51:13,100.0,100.0,128.02302065972222
2026-02-20 01:51:28,100.0,100.0,128.00651805555555
2026-02-20 01:51:43,100.0,100.0,127.99001545138889
2026-02-20 01:51:58,100.0,100.0,127.97351284722222
2026-02-20 01:52:13,100.0,100.0,127.95701024305556
2026-02-20 01:52:28,100.0,100.0,127.94050763888889
2026-02-20 01:52:43,100.0,100.0,127.92400503472223
2026-02-20 01:52:58,100.0,100.0,127.90750243055555
2026-02-20 01:53:13,100.0,100.0,127.89099982638889
2026-02-20 01:53:28,100.0,100.0,127.87449722222222
2026-02-20 01:53:43,100.0,100.0,127.85799461805556
2026-02-20 01:53:58,100.0,100.0,127.8414920138889
2026-02-20 01:54:13,100.0,100.0,127.82498940972222
2026-02-20 01:54:28,100.0,100.0,127.80848680555556
2026-02-20 01:54:43,100.0,100.0,127.79198420138889
2026-02-20 01:54:58,100.0,100.0,127.77548159722222
2026-02-20 01:55:13,100.0,100.0,127.75897899305556
2026-02-20 01:55:28,100.0,100.0,127.74247638888889
2026-02-20 01:55:43,100.0,100.0,127.72597378472223
2026-02-20 01:55:58,100.0,100.0,127.70947118055555
2026-02-20 01:56:13,100.0,100.0,127.69296857638889
2026-02-20 01:56:28,100.0,100.0,127.67646597222222
2026-02-20 01:56:43,100.0,100.0,127.65996336805556
2026-02-20 01:56:58,100.0,100.0,127.6434607638889
2026-02-20 01:57:13,100.0,100.0,127.62695815972222
2026-02-20 01:57:28,100.0,100.0,127.61045555555556
2026-02-20 01:57:43,100.0,100.0,127.59395295138889
2026-02-20 01:57:58,100.0,100.0,127.57745034722222
2026-02-20 01:58:13,100.0,100.0,127.56094774305556
2026-02-20 01:58:28,100.0,100.0,127.54444513888889
2026-02-20 01:58:43,100.0,100.0,127.52794253472223
2026-02-20 01:58:58,100.0,100.0,127.51143993055555
2026-02-20 01:59:13,100.0,100.0,127.4949373263889
2026-02-20 01:59:28,100.0,100.0,127.47843472222222
2026-02-20 01:59:43,100.0,100.0,127.46193211805556
2026-02-20 01:59:58,100.0,100.0,127.4454295138889
2026-02-20 02:00:13,100.0,100.0,127.42892690972222
2026-02-20 02:00:28,100.0,100.0,127.41242430555556
2026-02-20 02:00:43,100.0,100.0,127.39592170138889
2026-02-20 02:00:58,100.0,100.0,127.37941909722223
2026-02-20 02:01:13,100.0,100.0,127.36291649305555
2026-02-20 02:01:28,100.0,100.0,127.34641388888889
2026-02-20 02:01:43,100.0,100.0,127.32991128472223
2026-02-20 02:01:58,100.0,100.0,127.31340868055555
2026-02-20 02:02:13,100.0,100.0,127.2969060763889
2026-02-20 02:02:28,100.0,100.0,127.28040347222222
2026-02-20 02:02:43,100.0,100.0,127.26390086805556
2026-02-20 02:02:58,100.0,100.0,127.2473982638889
2026-02-20 02:03:13,100.0,100.0,127.23089565972222
2026-02-20 02:03:28,100.0,100.0,127.21439305555556
2026-02-20 02:03:43,100.0,100.0,127.19789045138889
2026-02-20 02:03:58,100.0,100.0,127.18138784722223
2026-02-20 02:04:13,100.0,100.0,127.16488524305555
2026-02-20 02:04:28,100.0,100.0,127.14838263888889
2026-02-20 02:04:43,100.0,100.0,127.13188003472223
2026-02-20 02:04:58,100.0,100.0,127.11537743055555
2026-02-20 02:05:13,100.0,100.0,127.0988748263889
2026-02-20 02:05:28,100.0,100.0,127.08237222222222
2026-02-20 02:05:43,100.0,100.0,127.06586961805556
2026-02-20 02:05:58,100.0,100.0,127.0493670138889
2026-02-20 02:06:13,100.0,100.0,127.03286440972222
2026-02-20 02:06:28,100.0,100.0,127.01636180555556
2026-02-20 02:06:43,100.0,100.0,126.99985920138889
2026-02-20 02:06:58,100.0,100.0,126.98335659722223
2026-02-20 02:07:13,100.0,100.0,126.96685399305555
2026-02-20 02:07:28,100.0,100.0,126.95035138888889
2026-02-20 02:07:43,100.0,100.0,126.93384878472223
2026-02-20 02:07:58,100.0,100.0,126.91734618055555
2026-02-20 02:08:13,100.0,100.0,126.9008435763889
2026-02-20 02:08:28,100.0,100.0,126.88434097222222
2026-02-20 02:08:43,100.0,100.0,126.86783836805556
2026-02-20 02:08:58,100.0,100.0,126.8513357638889
2026-02-20 02:09:13,100.0,100.0,126.83483315972222
2026-02-20 02:09:28,100.0,100.0,126.81833055555556
2026-02-20 02:09:43,100.0,100.0,126.80182795138889
2026-02-20 02:09:58,100.0,100.0,126.78532534722223
2026-02-20 02:10:13,100.0,100.0,126.76882274305555
2026-02-20 02:10:28,100.0,100.0,126.75232013888889
2026-02-20 02:10:43,100.0,100.0,126.73581753472223
2026-02-20 02:10:58,100.0,100.0,126.71931493055556
2026-02-20 02:11:13,100.0,100.0,126.7028123263889
2026-02-20 02:11:28,100.0,100.0,126.68630972222222
2026-02-20 02:11:43,100.0,100.0,126.66980711805556
2026-02-20 02:11:58,100.0,100.0,126.65330451388888
2026-02-20 02:12:13,100.0,100.0,126.63680190972222
2026-02-20 02:12:28,100.0,100.0,126.62029930555556
2026-02-20 02:12:43,100.0,100.0,126.60379670138889
2026-02-20 02:12:58,100.0,100.0,126.58729409722223
2026-02-20 02:13:13,100.0,100.0,126.57079149305555
2026-02-20 02:13:28,100.0,100.0,126.55428888888889
2026-02-20 02:13:43,100.0,100.0,126.53778628472223
2026-02-20 02:13:58,100.0,100.0,126.52128368055556
2026-02-20 02:14:13,100.0,100.0,126.5047810763889
2026-02-20 02:14:28,100.0,100.0,126.48827847222222
2026-02-20 02:14:43,100.0,100.0,126.47177586805556
2026-02-20 02:14:58,100.0,100.0,126.45527326388888
2026-02-20 02:15:13,100.0,100.0,126.43877065972222
2026-02-20 02:15:28,100.0,100.0,126.42226805555556
2026-02-20 02:15:43,100.0,100.0,126.40576545138889
2026-02-20 02:15:58,100.0,100.0,126.38926284722223
2026-02-20 02:16:13,100.0,100.0,126.37276024305555
2026-02-20 02:16:28,100.0,100.0,126.35625763888889
2026-02-20 02:16:43,100.0,100.0,126.33975503472223
2026-02-20 02:16:58,100.0,100.0,126.32325243055556
2026-02-20 02:17:13,100.0,100.0,126.3067498263889
2026-02-20 02:17:28,100.0,100.0,126.29024722222222
2026-02-20 02:17:43,100.0,100.0,126.27374461805556
2026-02-20 02:17:58,100.0,100.0,126.25724201388888
2026-02-20 02:18:13,100.0,100.0,126.24073940972222
2026-02-20 02:18:28,100.0,100.0,126.22423680555556
2026-02-20 02:18:43,100.0,100.0,126.20773420138889
2026-02-20 02:18:58,100.0,100.0,126.19123159722223
2026-02-20 02:19:13,100.0,100.0,126.17472899305555
2026-02-20 02:19:28,100.0,100.0,126.15822638888889
2026-02-20 02:19:43,100.0,100.0,126.14172378472222
2026-02-20 02:19:58,100.0,100.0,126.12522118055556
2026-02-20 02:20:13,100.0,100.0,126.1087185763889
2026-02-20 02:20:28,100.0,100.0,126.09221597222222
2026-02-20 02:20:43,100.0,100.0,126.07571336805556
2026-02-20 02:20:58,100.0,100.0,126.05921076388888
2026-02-20 02:21:13,100.0,100.0,126.04270815972222
2026-02-20 02:21:28,100.0,100.0,126.02620555555556
2026-02-20 02:21:43,100.0,100.0,126.00970295138889
2026-02-20 02:21:58,100.0,100.0,125.99320034722223
2026-02-20 02:22:13,100.0,100.0,125.97669774305555
2026-02-20 02:22:28,100.0,100.0,125.96019513888889
2026-02-20 02:22:43,100.0,100.0,125.94369253472222
2026-02-20 02:22:58,100.0,100.0,125.92718993055556
2026-02-20 02:23:13,100.0,100.0,125.9106873263889
2026-02-20 02:23:28,100.0,100.0,125.89418472222222
2026-02-20 02:23:43,100.0,100.0,125.87768211805556
2026-02-20 02:23:58,100.0,100.0,125.86117951388889
2026-02-20 02:24:13,100.0,100.0,125.84467690972222
2026-02-20 02:24:28,100.0,100.0,125.82817430555556
2026-02-20 02:24:43,100.0,100.0,125.81167170138889
2026-02-20 02:24:58,100.0,100.0,125.79516909722223
2026-02-20 02:25:13,100.0,100.0,125.77866649305555
2026-02-20 02:25:28,100.0,100.0,125.76216388888889
2026-02-20 02:25:43,100.0,100.0,125.74566128472222
2026-02-20 02:25:58,100.0,100.0,125.72915868055556
2026-02-20 02:26:13,100.0,100.0,125.7126560763889
2026-02-20 02:26:28,100.0,100.0,125.69615347222222
2026-02-20 02:26:43,100.0,100.0,125.67965086805556
2026-02-20 02:26:58,100.0,100.0,125.66314826388889
2026-02-20 02:27:13,100.0,100.0,125.64664565972222
2026-02-20 02:27:28,100.0,100.0,125.63014305555556
2026-02-20 02:27:43,100.0,100.0,125.61364045138889
2026-02-20 02:27:58,100.0,100.0,125.59713784722223
2026-02-20 02:28:13,100.0,100.0,125.58063524305555
2026-02-20 02:28:28,100.0,100.0,125.56413263888889
2026-02-20 02:28:43,100.0,100.0,125.54763003472222
2026-02-20 02:28:58,100.0,100.0,125.53112743055556
2026-02-20 02:29:13,100.0,100.0,125.5146248263889
2026-02-20 02:29:28,100.0,100.0,125.49812222222222
2026-02-20 02:29:43,100.0,100.0,125.48161961805556
2026-02-20 02:29:58,100.0,100.0,125.46511701388889
2026-02-20 02:30:13,100.0,100.0,125.44861440972223
2026-02-20 02:30:28,100.0,100.0,125.43211180555556
2026-02-20 02:30:43,100.0,100.0,125.41560920138889
2026-02-20 02:30:58,100.0,100.0,125.39910659722223
2026-02-20 02:31:13,100.0,100.0,125.38260399305555
2026-02-20 02:31:28,100.0,100.0,125.3661013888889
2026-02-20 02:31:43,100.0,100.0,125.34959878472222
2026-02-20 02:31:58,100.0,100.0,125.33309618055556
2026-02-20 02:32:13,100.0,100.0,125.3165935763889
2026-02-20 02:32:28,100.0,100.0,125.30009097222222
2026-02-20 02:32:43,100.0,100.0,125.28358836805556
2026-02-20 02:32:58,100.0,100.0,125.26708576388889
2026-02-20 02:33:13,100.0,100.0,125.25058315972223
2026-02-20 02:33:28,100.0,100.0,125.23408055555555
2026-02-20 02:33:43,100.0,100.0,125.21757795138889
2026-02-20 02:33:58,100.0,100.0,125.20107534722223
2026-02-20 02:34:13,100.0,100.0,125.18457274305555
2026-02-20 02:34:28,100.0,100.0,125.1680701388889
2026-02-20 02:34:43,100.0,100.0,125.15156753472222
2026-02-20 02:34:58,100.0,100.0,125.13506493055556
2026-02-20 02:35:13,100.0,100.0,125.1185623263889
2026-02-20 02:35:28,100.0,100.0,125.10205972222222
2026-02-20 02:35:43,100.0,100.0,125.08555711805556
2026-02-20 02:35:58,100.0,100.0,125.06905451388889
2026-02-20 02:36:13,100.0,100.0,125.05255190972223
2026-02-20 02:36:28,100.0,100.0,125.03604930555555
2026-02-20 02:36:43,100.0,100.0,125.01954670138889
2026-02-20 02:36:58,100.0,100.0,125.00304409722223
2026-02-20 02:37:13,100.0,100.0,124.98654149305555
2026-02-20 02:37:28,100.0,100.0,124.9700388888889
2026-02-20 02:37:43,100.0,100.0,124.95353628472222
2026-02-20 02:37:58,100.0,100.0,124.93703368055556
2026-02-20 02:38:13,100.0,100.0,124.9205310763889
2026-02-20 02:38:28,100.0,100.0,124.90402847222222
2026-02-20 02:38:43,100.0,100.0,124.88752586805556
2026-02-20 02:38:58,100.0,100.0,124.87102326388889
2026-02-20 02:39:13,100.0,100.0,124.85452065972223
2026-02-20 02:39:28,100.0,100.0,124.83801805555555
2026-02-20 02:39:43,100.0,100.0,124.82151545138889
2026-02-20 02:39:58,100.0,100.0,124.80501284722223
2026-02-20 02:40:13,100.0,100.0,124.78851024305555
2026-02-20 02:40:28,100.0,100.0,124.7720076388889
2026-02-20 02:40:43,100.0,100.0,124.75550503472222
2026-02-20 02:40:58,100.0,100.0,124.73900243055556
2026-02-20 02:41:13,100.0,100.0,124.72249982638888
2026-02-20 02:41:28,100.0,100.0,124.70599722222222
2026-02-20 02:41:43,100.0,100.0,124.68949461805556
2026-02-20 02:41:58,100.0,100.0,124.67299201388889
2026-02-20 02:42:13,100.0,100.0,124.65648940972223
2026-02-20 02:42:28,100.0,100.0,124.63998680555555
2026-02-20 02:42:43,100.0,100.0,124.62348420138889
2026-02-20 02:42:58,100.0,100.0,124.60698159722223
2026-02-20 02:43:13,100.0,100.0,124.59047899305556
2026-02-20 02:43:28,100.0,100.0,124.5739763888889
2026-02-20 02:43:43,100.0,100.0,124.55747378472222
2026-02-20 02:43:58,100.0,100.0,124.54097118055556
2026-02-20 02:44:13,100.0,100.0,124.52446857638888
2026-02-20 02:44:28,100.0,100.0,124.50796597222222
2026-02-20 02:44:43,100.0,100.0,124.49146336805556
2026-02-20 02:44:58,100.0,100.0,124.47496076388889
2026-02-20 02:45:13,100.0,100.0,124.45845815972223
2026-02-20 02:45:28,100.0,100.0,124.44195555555555
2026-02-20 02:45:43,100.0,100.0,124.42545295138889
2026-02-20 02:45:58,100.0,100.0,124.40895034722223
2026-02-20 02:46:13,100.0,100.0,124.39244774305556
2026-02-20 02:46:28,100.0,100.0,124.3759451388889
2026-02-20 02:46:43,100.0,100.0,124.35944253472222
2026-02-20 02:46:58,100.0,100.0,124.34293993055556
2026-02-20 02:47:13,100.0,100.0,124.32643732638888
2026-02-20 02:47:28,100.0,100.0,124.30993472222222
2026-02-20 02:47:43,100.0,100.0,124.29343211805556
2026-02-20 02:47:58,100.0,100.0,124.27692951388889
2026-02-20 02:48:13,100.0,100.0,124.26042690972223
2026-02-20 02:48:28,100.0,100.0,124.24392430555555
2026-02-20 02:48:43,100.0,100.0,124.22742170138889
2026-02-20 02:48:58,100.0,100.0,124.21091909722222
2026-02-20 02:49:13,100.0,100.0,124.19441649305556
2026-02-20 02:49:28,100.0,100.0,124.1779138888889
2026-02-20 02:49:43,100.0,100.0,124.16141128472222
2026-02-20 02:49:58,100.0,100.0,124.14490868055556
2026-02-20 02:50:13,100.0,100.0,124.12840607638888
2026-02-20 02:50:28,100.0,100.0,124.11190347222222
2026-02-20 02:50:43,100.0,100.0,124.09540086805556
2026-02-20 02:50:58,100.0,100.0,124.07889826388889
2026-02-20 02:51:13,100.0,100.0,124.06239565972223
2026-02-20 02:51:28,100.0,100.0,124.04589305555555
2026-02-20 02:51:43,100.0,100.0,124.02939045138889
2026-02-20 02:51:58,100.0,100.0,124.01288784722222
2026-02-20 02:52:13,100.0,100.0,123.99638524305556
2026-02-20 02:52:28,100.0,100.0,123.9798826388889
2026-02-20 02:52:43,100.0,100.0,123.96338003472222
2026-02-20 02:52:58,100.0,100.0,123.94687743055556
2026-02-20 02:53:13,100.0,100.0,123.93037482638888
2026-02-20 02:53:28,100.0,100.0,123.91387222222222
2026-02-20 02:53:43,100.0,100.0,123.89736961805556
2026-02-20 02:53:58,100.0,100.0,123.88086701388889
2026-02-20 02:54:13,100.0,100.0,123.86436440972223
2026-02-20 02:54:28,100.0,100.0,123.84786180555555
2026-02-20 02:54:43,100.0,100.0,123.83135920138889
2026-02-20 02:54:58,100.0,100.0,123.81485659722222
2026-02-20 02:55:13,100.0,100.0,123.79835399305556
2026-02-20 02:55:28,100.0,100.0,123.7818513888889
2026-02-20 02:55:43,100.0,100.0,123.76534878472222
2026-02-20 02:55:58,100.0,100.0,123.74884618055556
2026-02-20 02:56:13,100.0,100.0,123.73234357638889
2026-02-20 02:56:28,100.0,100.0,123.71584097222222
2026-02-20 02:56:43,100.0,100.0,123.69933836805556
2026-02-20 02:56:58,100.0,100.0,123.68283576388889
2026-02-20 02:57:13,100.0,100.0,123.66633315972223
2026-02-20 02:57:28,100.0,100.0,123.64983055555555
2026-02-20 02:57:43,100.0,100.0,123.63332795138889
2026-02-20 02:57:58,100.0,100.0,123.61682534722222
2026-02-20 02:58:13,100.0,100.0,123.60032274305556
2026-02-20 02:58:28,100.0,100.0,123.5838201388889
2026-02-20 02:58:43,100.0,100.0,123.56731753472222
2026-02-20 02:58:58,100.0,100.0,123.55081493055556
2026-02-20 02:59:13,100.0,100.0,123.53431232638889
2026-02-20 02:59:28,100.0,100.0,123.51780972222222
2026-02-20 02:59:43,100.0,100.0,123.50130711805556
2026-02-20 02:59:58,100.0,100.0,123.48480451388889
2026-02-20 03:00:13,100.0,100.0,123.46830190972223
2026-02-20 03:00:28,100.0,100.0,123.45179930555555
2026-02-20 03:00:43,100.0,100.0,123.43529670138889
2026-02-20 03:00:58,100.0,100.0,123.41879409722222
2026-02-20 03:01:13,100.0,100.0,123.40229149305556
2026-02-20 03:01:28,100.0,100.0,123.3857888888889
2026-02-20 03:01:43,100.0,100.0,123.36928628472222
2026-02-20 03:01:58,100.0,100.0,123.35278368055556
2026-02-20 03:02:13,100.0,100.0,123.33628107638889
2026-02-20 03:02:28,100.0,100.0,123.31977847222223
2026-02-20 03:02:43,100.0,100.0,123.30327586805555
2026-02-20 03:02:58,100.0,100.0,123.28677326388889
2026-02-20 03:03:13,100.0,100.0,123.27027065972223
2026-02-20 03:03:28,100.0,100.0,123.25376805555555
2026-02-20 03:03:43,100.0,100.0,123.2372654513889
2026-02-20 03:03:58,100.0,100.0,123.22076284722222
2026-02-20 03:04:13,100.0,100.0,123.20426024305556
2026-02-20 03:04:28,100.0,100.0,123.1877576388889
2026-02-20 03:04:43,100.0,100.0,123.17125503472222
2026-02-20 03:04:58,100.0,100.0,123.15475243055556
2026-02-20 03:05:13,100.0,100.0,123.13824982638889
2026-02-20 03:05:28,100.0,100.0,123.12174722222223
2026-02-20 03:05:43,100.0,100.0,123.10524461805555
2026-02-20 03:05:58,100.0,100.0,123.08874201388889
2026-02-20 03:06:13,100.0,100.0,123.07223940972223
2026-02-20 03:06:28,100.0,100.0,123.05573680555555
2026-02-20 03:06:43,100.0,100.0,123.0392342013889
2026-02-20 03:06:58,100.0,100.0,123.02273159722222
2026-02-20 03:07:13,100.0,100.0,123.00622899305556
2026-02-20 03:07:28,100.0,100.0,122.9897263888889
2026-02-20 03:07:43,100.0,100.0,122.97322378472222
2026-02-20 03:07:58,100.0,100.0,122.95672118055556
2026-02-20 03:08:13,100.0,100.0,122.94021857638889
2026-02-20 03:08:28,100.0,100.0,122.92371597222223
2026-02-20 03:08:43,100.0,100.0,122.90721336805555
2026-02-20 03:08:58,100.0,100.0,122.89071076388889
2026-02-20 03:09:13,100.0,100.0,122.87420815972223
2026-02-20 03:09:28,100.0,100.0,122.85770555555555
2026-02-20 03:09:43,100.0,100.0,122.8412029513889
2026-02-20 03:09:58,100.0,100.0,122.82470034722222
2026-02-20 03:10:13,100.0,100.0,122.80819774305556
2026-02-20 03:10:28,100.0,100.0,122.79169513888888
2026-02-20 03:10:43,100.0,100.0,122.77519253472222
2026-02-20 03:10:58,100.0,100.0,122.75868993055556
2026-02-20 03:11:13,100.0,100.0,122.74218732638889
2026-02-20 03:11:28,100.0,100.0,122.72568472222223
2026-02-20 03:11:43,100.0,100.0,122.70918211805555
2026-02-20 03:11:58,100.0,100.0,122.69267951388889
2026-02-20 03:12:13,100.0,100.0,122.67617690972223
2026-02-20 03:12:28,100.0,100.0,122.65967430555555
2026-02-20 03:12:43,100.0,100.0,122.6431717013889
2026-02-20 03:12:58,100.0,100.0,122.62666909722222
2026-02-20 03:13:13,100.0,100.0,122.61016649305556
2026-02-20 03:13:28,100.0,100.0,122.59366388888888
2026-02-20 03:13:43,100.0,100.0,122.57716128472222
2026-02-20 03:13:58,100.0,100.0,122.56065868055556
2026-02-20 03:14:13,100.0,100.0,122.54415607638889
2026-02-20 03:14:28,100.0,100.0,122.52765347222223
2026-02-20 03:14:43,100.0,100.0,122.51115086805555
2026-02-20 03:14:58,100.0,100.0,122.49464826388889
2026-02-20 03:15:13,100.0,100.0,122.47814565972223
2026-02-20 03:15:28,100.0,100.0,122.46164305555556
2026-02-20 03:15:43,100.0,100.0,122.4451404513889
2026-02-20 03:15:58,100.0,100.0,122.42863784722222
2026-02-20 03:16:13,100.0,100.0,122.41213524305556
2026-02-20 03:16:28,100.0,100.0,122.39563263888888
2026-02-20 03:16:43,100.0,100.0,122.37913003472222
2026-02-20 03:16:58,100.0,100.0,122.36262743055556
2026-02-20 03:17:13,100.0,100.0,122.34612482638889
2026-02-20 03:17:28,100.0,100.0,122.32962222222223
2026-02-20 03:17:43,100.0,100.0,122.31311961805555
2026-02-20 03:17:58,100.0,100.0,122.29661701388889
2026-02-20 03:18:13,100.0,100.0,122.28011440972222
2026-02-20 03:18:28,100.0,100.0,122.26361180555556
2026-02-20 03:18:43,100.0,100.0,122.2471092013889
2026-02-20 03:18:58,100.0,100.0,122.23060659722222
2026-02-20 03:19:13,100.0,100.0,122.21410399305556
2026-02-20 03:19:28,100.0,100.0,122.19760138888888
2026-02-20 03:19:43,100.0,100.0,122.18109878472222
2026-02-20 03:19:58,100.0,100.0,122.16459618055556
2026-02-20 03:20:13,100.0,100.0,122.14809357638889
2026-02-20 03:20:28,100.0,100.0,122.13159097222223
2026-02-20 03:20:43,100.0,100.0,122.11508836805555
2026-02-20 03:20:58,100.0,100.0,122.09858576388889
2026-02-20 03:21:13,100.0,100.0,122.08208315972223
2026-02-20 03:21:28,100.0,100.0,122.06558055555556
2026-02-20 03:21:43,100.0,100.0,122.0490779513889
2026-02-20 03:21:58,100.0,100.0,122.03257534722222
2026-02-20 03:22:13,100.0,100.0,122.01607274305556
2026-02-20 03:22:28,100.0,100.0,121.99957013888888
2026-02-20 03:22:43,100.0,100.0,121.98306753472222
2026-02-20 03:22:58,100.0,100.0,121.96656493055556
2026-02-20 03:23:13,100.0,100.0,121.95006232638889
2026-02-20 03:23:28,100.0,100.0,121.93355972222223
2026-02-20 03:23:43,100.0,100.0,121.91705711805555
2026-02-20 03:23:58,100.0,100.0,121.90055451388889
2026-02-20 03:24:13,100.0,100.0,121.88405190972222
2026-02-20 03:24:28,100.0,100.0,121.86754930555556
2026-02-20 03:24:43,100.0,100.0,121.8510467013889
2026-02-20 03:24:58,100.0,100.0,121.83454409722222
2026-02-20 03:25:13,100.0,100.0,121.81804149305556
2026-02-20 03:25:28,100.0,100.0,121.80153888888889
2026-02-20 03:25:43,100.0,100.0,121.78503628472222
2026-02-20 03:25:58,100.0,100.0,121.76853368055555
2026-02-20 03:26:13,100.0,100.0,121.75203107638889
2026-02-20 03:26:28,100.0,100.0,121.73552847222223
2026-02-20 03:26:43,100.0,100.0,121.71902586805555
2026-02-20 03:26:58,100.0,100.0,121.70252326388889
2026-02-20 03:27:13,100.0,100.0,121.68602065972222
2026-02-20 03:27:28,100.0,100.0,121.66951805555556
2026-02-20 03:27:43,100.0,100.0,121.6530154513889
2026-02-20 03:27:58,100.0,100.0,121.63651284722222
2026-02-20 03:28:13,100.0,100.0,121.62001024305556
2026-02-20 03:28:28,100.0,100.0,121.60350763888889
2026-02-20 03:28:43,100.0,100.0,121.58700503472222
2026-02-20 03:28:58,100.0,100.0,121.57050243055556
2026-02-20 03:29:13,100.0,100.0,121.55399982638889
2026-02-20 03:29:28,100.0,100.0,121.53749722222223
2026-02-20 03:29:43,100.0,100.0,121.52099461805555
2026-02-20 03:29:58,100.0,100.0,121.50449201388889
2026-02-20 03:30:13,100.0,100.0,121.48798940972222
2026-02-20 03:30:28,100.0,100.0,121.47148680555556
2026-02-20 03:30:43,100.0,100.0,121.4549842013889
2026-02-20 03:30:58,100.0,100.0,121.43848159722222
2026-02-20 03:31:13,100.0,100.0,121.42197899305556
2026-02-20 03:31:28,100.0,100.0,121.40547638888889
2026-02-20 03:31:43,100.0,100.0,121.38897378472222
2026-02-20 03:31:58,100.0,100.0,121.37247118055555
2026-02-20 03:32:13,100.0,100.0,121.35596857638889
2026-02-20 03:32:28,100.0,100.0,121.33946597222223
2026-02-20 03:32:43,100.0,100.0,121.32296336805555
2026-02-20 03:32:58,100.0,100.0,121.3064607638889
2026-02-20 03:33:13,100.0,100.0,121.28995815972222
2026-02-20 03:33:28,100.0,100.0,121.27345555555556
2026-02-20 03:33:43,100.0,100.0,121.2569529513889
2026-02-20 03:33:58,100.0,100.0,121.24045034722222
2026-02-20 03:34:13,100.0,100.0,121.22394774305556
2026-02-20 03:34:28,100.0,100.0,121.20744513888889
2026-02-20 03:34:43,100.0,100.0,121.19094253472223
2026-02-20 03:34:58,100.0,100.0,121.17443993055555
2026-02-20 03:35:13,100.0,100.0,121.15793732638889
2026-02-20 03:35:28,100.0,100.0,121.14143472222223
2026-02-20 03:35:43,100.0,100.0,121.12493211805555
2026-02-20 03:35:58,100.0,100.0,121.1084295138889
2026-02-20 03:36:13,100.0,100.0,121.09192690972222
2026-02-20 03:36:28,100.0,100.0,121.07542430555556
2026-02-20 03:36:43,100.0,100.0,121.0589217013889
2026-02-20 03:36:58,100.0,100.0,121.04241909722222
2026-02-20 03:37:13,100.0,100.0,121.02591649305556
2026-02-20 03:37:28,100.0,100.0,121.00941388888889
2026-02-20 03:37:43,100.0,100.0,120.99291128472223
2026-02-20 03:37:58,100.0,100.0,120.97640868055555
2026-02-20 03:38:13,100.0,100.0,120.95990607638889
2026-02-20 03:38:28,100.0,100.0,120.94340347222223
2026-02-20 03:38:43,100.0,100.0,120.92690086805555
2026-02-20 03:38:58,100.0,100.0,120.9103982638889
2026-02-20 03:39:13,100.0,100.0,120.89389565972222
2026-02-20 03:39:28,100.0,100.0,120.87739305555556
2026-02-20 03:39:43,100.0,100.0,120.86089045138888
2026-02-20 03:39:58,100.0,100.0,120.84438784722222
2026-02-20 03:40:13,100.0,100.0,120.82788524305556
2026-02-20 03:40:28,100.0,100.0,120.81138263888889
2026-02-20 03:40:43,100.0,100.0,120.79488003472223
2026-02-20 03:40:58,100.0,100.0,120.77837743055555
2026-02-20 03:41:13,100.0,100.0,120.76187482638889
2026-02-20 03:41:28,100.0,100.0,120.74537222222223
2026-02-20 03:41:43,100.0,100.0,120.72886961805555
2026-02-20 03:41:58,100.0,100.0,120.7123670138889
2026-02-20 03:42:13,100.0,100.0,120.69586440972222
2026-02-20 03:42:28,100.0,100.0,120.67936180555556
2026-02-20 03:42:43,100.0,100.0,120.66285920138888
2026-02-20 03:42:58,100.0,100.0,120.64635659722222
2026-02-20 03:43:13,100.0,100.0,120.62985399305556
2026-02-20 03:43:28,100.0,100.0,120.61335138888889
2026-02-20 03:43:43,100.0,100.0,120.59684878472223
2026-02-20 03:43:58,100.0,100.0,120.58034618055555
2026-02-20 03:44:13,100.0,100.0,120.56384357638889
2026-02-20 03:44:28,100.0,100.0,120.54734097222223
2026-02-20 03:44:43,100.0,100.0,120.53083836805556
2026-02-20 03:44:58,100.0,100.0,120.5143357638889
2026-02-20 03:45:13,100.0,100.0,120.49783315972222
2026-02-20 03:45:28,100.0,100.0,120.48133055555556
2026-02-20 03:45:43,100.0,100.0,120.46482795138888
2026-02-20 03:45:58,100.0,100.0,120.44832534722222
2026-02-20 03:46:13,100.0,100.0,120.43182274305556
2026-02-20 03:46:28,100.0,100.0,120.41532013888889
2026-02-20 03:46:43,100.0,100.0,120.39881753472223
2026-02-20 03:46:58,100.0,100.0,120.38231493055555
2026-02-20 03:47:13,100.0,100.0,120.36581232638889
2026-02-20 03:47:28,100.0,100.0,120.34930972222222
2026-02-20 03:47:43,100.0,100.0,120.33280711805556
2026-02-20 03:47:58,100.0,100.0,120.3163045138889
2026-02-20 03:48:13,100.0,100.0,120.29980190972222
2026-02-20 03:48:28,100.0,100.0,120.28329930555556
2026-02-20 03:48:43,100.0,100.0,120.26679670138888
2026-02-20 03:48:58,100.0,100.0,120.25029409722222
2026-02-20 03:49:13,100.0,100.0,120.23379149305556
2026-02-20 03:49:28,100.0,100.0,120.21728888888889
2026-02-20 03:49:43,100.0,100.0,120.20078628472223
2026-02-20 03:49:58,100.0,100.0,120.18428368055555
2026-02-20 03:50:13,100.0,100.0,120.16778107638889
2026-02-20 03:50:28,100.0,100.0,120.15127847222223
2026-02-20 03:50:43,100.0,100.0,120.13477586805556
2026-02-20 03:50:58,100.0,100.0,120.1182732638889
2026-02-20 03:51:13,100.0,100.0,120.10177065972222
2026-02-20 03:51:28,100.0,100.0,120.08526805555556
2026-02-20 03:51:43,100.0,100.0,120.06876545138888
2026-02-20 03:51:58,100.0,100.0,120.05226284722222
2026-02-20 03:52:13,100.0,100.0,120.03576024305556
2026-02-20 03:52:28,100.0,100.0,120.01925763888889
2026-02-20 03:52:43,100.0,100.0,120.00275503472223
2026-02-20 03:52:58,100.0,100.0,119.98625243055555
2026-02-20 03:53:13,100.0,100.0,119.96974982638889
2026-02-20 03:53:28,100.0,100.0,119.95324722222222
2026-02-20 03:53:43,100.0,100.0,119.93674461805556
2026-02-20 03:53:58,100.0,100.0,119.9202420138889
2026-02-20 03:54:13,100.0,100.0,119.90373940972222
2026-02-20 03:54:28,100.0,100.0,119.88723680555556
2026-02-20 03:54:43,100.0,100.0,119.87073420138888
2026-02-20 03:54:58,100.0,100.0,119.85423159722222
2026-02-20 03:55:13,100.0,100.0,119.83772899305555
2026-02-20 03:55:28,100.0,100.0,119.82122638888889
2026-02-20 03:55:43,100.0,100.0,119.80472378472223
2026-02-20 03:55:58,100.0,100.0,119.78822118055555
2026-02-20 03:56:13,100.0,100.0,119.77171857638889
2026-02-20 03:56:28,100.0,100.0,119.75521597222222
2026-02-20 03:56:43,100.0,100.0,119.73871336805556
2026-02-20 03:56:58,100.0,100.0,119.7222107638889
2026-02-20 03:57:13,100.0,100.0,119.70570815972222
2026-02-20 03:57:28,100.0,100.0,119.68920555555556
2026-02-20 03:57:43,100.0,100.0,119.67270295138889
2026-02-20 03:57:58,100.0,100.0,119.65620034722222
2026-02-20 03:58:13,100.0,100.0,119.63969774305556
2026-02-20 03:58:28,100.0,100.0,119.62319513888889
2026-02-20 03:58:43,100.0,100.0,119.60669253472223
2026-02-20 03:58:58,100.0,100.0,119.59018993055555
2026-02-20 03:59:13,100.0,100.0,119.57368732638889
2026-02-20 03:59:28,100.0,100.0,119.55718472222222
2026-02-20 03:59:43,100.0,100.0,119.54068211805556
2026-02-20 03:59:58,100.0,100.0,119.5241795138889
2026-02-20 04:00:13,100.0,100.0,119.51957609439566
2026-02-20 04:00:28,100.0,100.0,119.51680331869835
2026-02-20 04:00:43,100.0,100.0,119.51403054300103
2026-02-20 04:00:58,100.0,100.0,119.51125776730372
2026-02-20 04:01:13,100.0,100.0,119.50848499160641
2026-02-20 04:01:28,100.0,100.0,119.50571221590909
2026-02-20 04:01:43,100.0,100.0,119.50293944021178
2026-02-20 04:01:58,100.0,100.0,119.50016666451447
2026-02-20 04:02:13,100.0,100.0,119.49739388881714
2026-02-20 04:02:28,100.0,100.0,119.49462111311983
2026-02-20 04:02:43,100.0,100.0,119.49184833742252
2026-02-20 04:02:58,100.0,100.0,119.4890755617252
2026-02-20 04:03:13,100.0,100.0,119.48630278602789
2026-02-20 04:03:28,100.0,100.0,119.48353001033058
2026-02-20 04:03:43,100.0,100.0,119.48075723463326
2026-02-20 04:03:58,100.0,100.0,119.47798445893595
2026-02-20 04:04:13,100.0,100.0,119.47521168323864
2026-02-20 04:04:28,100.0,100.0,119.47243890754132
2026-02-20 04:04:43,100.0,100.0,119.46966613184401
2026-02-20 04:04:58,100.0,100.0,119.4668933561467
2026-02-20 04:05:13,100.0,100.0,119.46412058044938
2026-02-20 04:05:28,100.0,100.0,119.46134780475207
2026-02-20 04:05:43,100.0,100.0,119.45857502905476
2026-02-20 04:05:58,100.0,100.0,119.45580225335743
2026-02-20 04:06:13,100.0,100.0,119.45302947766012
2026-02-20 04:06:28,100.0,100.0,119.45025670196281
2026-02-20 04:06:43,100.0,100.0,119.44748392626549
2026-02-20 04:06:58,100.0,100.0,119.44471115056818
2026-02-20 04:07:13,100.0,100.0,119.44193837487087
2026-02-20 04:07:28,100.0,100.0,119.43916559917355
2026-02-20 04:07:43,100.0,100.0,119.43639282347624
2026-02-20 04:07:58,100.0,100.0,119.43362004777893
2026-02-20 04:08:13,100.0,100.0,119.4308472720816
2026-02-20 04:08:28,100.0,100.0,119.4280744963843
2026-02-20 04:08:43,100.0,100.0,119.42530172068699
2026-02-20 04:08:58,100.0,100.0,119.42252894498966
2026-02-20 04:09:13,100.0,100.0,119.41975616929236
2026-02-20 04:09:28,100.0,100.0,119.41698339359505
2026-02-20 04:09:43,100.0,100.0,119.41421061789772
2026-02-20 04:09:58,100.0,100.0,119.41143784220041
2026-02-20 04:10:13,100.0,100.0,119.4086650665031
2026-02-20 04:10:28,100.0,100.0,119.40589229080578
2026-02-20 04:10:43,100.0,100.0,119.40311951510847
2026-02-20 04:10:58,100.0,100.0,119.40034673941116
2026-02-20 04:11:13,100.0,100.0,119.39757396371384
2026-02-20 04:11:28,100.0,100.0,119.39480118801653
2026-02-20 04:11:43,100.0,100.0,119.39202841231922
2026-02-20 04:11:58,100.0,100.0,119.3892556366219
2026-02-20 04:12:13,100.0,100.0,119.38648286092459
2026-02-20 04:12:28,100.0,100.0,119.38371008522728
2026-02-20 04:12:43,100.0,100.0,119.38093730952995
2026-02-20 04:12:58,100.0,100.0,119.37816453383265
2026-02-20 04:13:13,100.0,100.0,119.37539175813534
2026-02-20 04:13:28,100.0,100.0,119.37261898243801
2026-02-20 04:13:43,100.0,100.0,119.3698462067407
2026-02-20 04:13:58,100.0,100.0,119.3670734310434
2026-02-20 04:14:13,100.0,100.0,119.36430065534607
2026-02-20 04:14:28,100.0,100.0,119.36152787964876
2026-02-20 04:14:43,100.0,100.0,119.35875510395145
2026-02-20 04:14:58,100.0,100.0,119.35598232825413
2026-02-20 04:15:13,100.0,100.0,119.35320955255682
2026-02-20 04:15:28,100.0,100.0,119.35043677685951
2026-02-20 04:15:43,100.0,100.0,119.34766400116219
2026-02-20 04:15:58,100.0,100.0,119.34489122546488
2026-02-20 04:16:13,100.0,100.0,119.34211844976757
2026-02-20 04:16:28,100.0,100.0,119.33934567407024
2026-02-20 04:16:43,100.0,100.0,119.33657289837294
2026-02-20 04:16:58,100.0,100.0,119.33380012267563
2026-02-20 04:17:13,100.0,100.0,119.3310273469783
2026-02-20 04:17:28,100.0,100.0,119.328254571281
2026-02-20 04:17:43,100.0,100.0,119.32548179558368
2026-02-20 04:17:58,100.0,100.0,119.32270901988636
2026-02-20 04:18:13,100.0,100.0,119.31993624418905
2026-02-20 04:18:28,100.0,100.0,119.31716346849174
2026-02-20 04:18:43,100.0,100.0,119.31439069279442
2026-02-20 04:18:58,100.0,100.0,119.31161791709711
2026-02-20 04:19:13,100.0,100.0,119.3088451413998
2026-02-20 04:19:28,100.0,100.0,119.30607236570248
2026-02-20 04:19:43,100.0,100.0,119.30329959000517
2026-02-20 04:19:58,100.0,100.0,119.30052681430786
2026-02-20 04:20:13,100.0,100.0,119.29775403861053
2026-02-20 04:20:28,100.0,100.0,119.29498126291323
2026-02-20 04:20:43,100.0,100.0,119.2922084872159
2026-02-20 04:20:58,100.0,100.0,119.28943571151859
2026-02-20 04:21:13,100.0,100.0,119.28666293582128
2026-02-20 04:21:28,100.0,100.0,119.28389016012396
2026-02-20 04:21:43,100.0,100.0,119.28111738442665
2026-02-20 04:21:58,100.0,100.0,119.27834460872934
2026-02-20 04:22:13,100.0,100.0,119.27557183303202
2026-02-20 04:22:28,100.0,100.0,119.27279905733471
2026-02-20 04:22:43,100.0,100.0,119.2700262816374
2026-02-20 04:22:58,100.0,100.0,119.26725350594008
2026-02-20 04:23:13,100.0,100.0,119.26448073024277
2026-02-20 04:23:28,100.0,100.0,119.26170795454546
2026-02-20 04:23:43,100.0,100.0,119.25893517884813
2026-02-20 04:23:58,100.0,100.0,119.25616240315082
2026-02-20 04:24:13,100.0,100.0,119.25338962745352
2026-02-20 04:24:28,100.0,100.0,119.25061685175619
2026-02-20 04:24:43,100.0,100.0,119.24784407605888
2026-02-20 04:24:58,100.0,100.0,119.24507130036157
2026-02-20 04:25:13,100.0,100.0,119.24229852466425
2026-02-20 04:25:28,100.0,100.0,119.23952574896694
2026-02-20 04:25:43,100.0,100.0,119.23675297326963
2026-02-20 04:25:58,100.0,100.0,119.23398019757231
2026-02-20 04:26:13,100.0,100.0,119.231207421875
2026-02-20 04:26:28,100.0,100.0,119.22843464617769
2026-02-20 04:26:43,100.0,100.0,119.22566187048037
2026-02-20 04:26:58,100.0,100.0,119.22288909478306
2026-02-20 04:27:13,100.0,100.0,119.22011631908575
2026-02-20 04:27:28,100.0,100.0,119.21734354338842
2026-02-20 04:27:43,100.0,100.0,119.21457076769111
2026-02-20 04:27:58,100.0,100.0,119.2117979919938
2026-02-20 04:28:13,100.0,100.0,119.20902521629648
2026-02-20 04:28:28,100.0,100.0,119.20625244059917
2026-02-20 04:28:43,100.0,100.0,119.20347966490186
2026-02-20 04:28:58,100.0,100.0,119.20070688920454
2026-02-20 04:29:13,100.0,100.0,119.19793411350723
2026-02-20 04:29:28,100.0,100.0,119.19516133780992
2026-02-20 04:29:43,100.0,100.0,119.1923885621126
2026-02-20 04:29:58,100.0,100.0,119.18961578641529
2026-02-20 04:30:13,100.0,100.0,119.18684301071798
2026-02-20 04:30:28,100.0,100.0,119.18407023502066
2026-02-20 04:30:43,100.0,100.0,119.18129745932335
2026-02-20 04:30:58,100.0,100.0,119.17852468362604
2026-02-20 04:31:13,100.0,100.0,119.17575190792871
2026-02-20 04:31:28,100.0,99.79035639412997,119.1729791322314
2026-02-20 04:31:43,100.0,99.58071278825996,119.1702063565341
2026-02-20 04:31:58,100.0,99.37106918238993,119.16743358083677
2026-02-20 04:32:13,100.0,99.16142557651992,119.16466080513946
2026-02-20 04:32:28,100.0,98.9517819706499,119.16188802944215
2026-02-20 04:32:43,100.0,98.74213836477988,119.15911525374483
2026-02-20 04:32:58,100.0,98.53249475890985,119.15634247804752
2026-02-20 04:33:13,100.0,98.32285115303984,119.15356970235021
2026-02-20 04:33:28,100.0,98.11320754716981,119.15079692665289
2026-02-20 04:33:43,100.0,97.9035639412998,119.14802415095558
2026-02-20 04:33:58,100.0,97.69392033542978,119.14525137525827
2026-02-20 04:34:13,100.0,97.48427672955975,119.14247859956095
2026-02-20 04:34:28,100.0,97.27463312368972,119.13970582386364
2026-02-20 04:34:43,100.0,97.06498951781971,119.13693304816633
2026-02-20 04:34:58,100.0,96.85534591194968,119.134160272469
2026-02-20 04:35:13,100.0,96.64570230607966,119.1313874967717
2026-02-20 04:35:28,100.0,96.43605870020964,119.12861472107438
2026-02-20 04:35:43,100.0,96.22641509433963,119.12584194537706
2026-02-20 04:35:58,100.0,96.0167714884696,119.12306916967975
2026-02-20 04:36:13,100.0,95.80712788259959,119.12029639398244
2026-02-20 04:36:28,100.0,95.59748427672956,119.11752361828512
2026-02-20 04:36:43,100.0,95.38784067085953,119.11475084258781
2026-02-20 04:36:58,100.0,95.17819706498952,119.1119780668905
2026-02-20 04:37:13,100.0,94.9685534591195,119.10920529119318
2026-02-20 04:37:28,100.0,94.75890985324948,119.10643251549587
2026-02-20 04:37:43,100.0,94.54926624737946,119.10365973979856
2026-02-20 04:37:58,100.0,94.33962264150944,119.10088696410124
2026-02-20 04:38:13,100.0,94.12997903563941,119.09811418840393
2026-02-20 04:38:28,100.0,93.9203354297694,119.09534141270662
2026-02-20 04:38:43,100.0,93.71069182389937,119.0925686370093
2026-02-20 04:38:58,100.0,93.50104821802935,119.08979586131198
2026-02-20 04:39:13,100.0,93.29140461215934,119.08702308561467
2026-02-20 04:39:28,100.0,93.08176100628931,119.08425030991735
2026-02-20 04:39:43,100.0,92.87211740041928,119.08147753422004
2026-02-20 04:39:58,100.0,92.66247379454927,119.07870475852273
2026-02-20 04:40:13,100.0,92.45283018867924,119.07593198282541
2026-02-20 04:40:28,100.0,92.24318658280922,119.0731592071281
2026-02-20 04:40:43,100.0,92.0335429769392,119.07038643143079
2026-02-20 04:40:58,100.0,91.82389937106919,119.06761365573347
2026-02-20 04:41:13,100.0,91.61425576519916,119.06484088003616
2026-02-20 04:41:28,100.0,91.40461215932913,119.06206810433883
2026-02-20 04:41:43,100.0,91.19496855345912,119.05929532864153
2026-02-20 04:41:58,100.0,90.98532494758909,119.05652255294422
2026-02-20 04:42:13,100.0,90.77568134171908,119.05374977724689
2026-02-20 04:42:28,100.0,90.56603773584906,119.05097700154958
2026-02-20 04:42:43,100.0,90.35639412997904,119.04820422585227
2026-02-20 04:42:58,100.0,90.14675052410901,119.04543145015495
2026-02-20 04:43:13,100.0,89.937106918239,119.04265867445764
2026-02-20 04:43:28,100.0,89.72746331236897,119.03988589876033
2026-02-20 04:43:43,100.0,89.51781970649894,119.03711312306301
2026-02-20 04:43:58,100.0,89.30817610062893,119.0343403473657
2026-02-20 04:44:13,100.0,89.09853249475891,119.03156757166839
2026-02-20 04:44:28,100.0,88.88888888888889,119.02879479597107
2026-02-20 04:44:43,100.0,88.67924528301887,119.02602202027376
2026-02-20 04:44:58,100.0,88.46960167714884,119.02324924457645
2026-02-20 04:45:13,100.0,88.25995807127882,119.02047646887912
2026-02-20 04:45:28,100.0,88.0503144654088,119.01770369318182
2026-02-20 04:45:43,100.0,87.84067085953879,119.0149309174845
2026-02-20 04:45:58,100.0,87.63102725366876,119.01215814178718
2026-02-20 04:46:13,100.0,87.42138364779875,119.00938536608987
2026-02-20 04:46:28,100.0,87.21174004192872,119.00661259039256
2026-02-20 04:46:43,100.0,87.0020964360587,119.00383981469524
2026-02-20 04:46:58,100.0,86.79245283018868,119.00106703899793
2026-02-20 04:47:13,100.0,86.89217758985201,118.99829426330062
2026-02-20 04:47:28,100.0,86.68076109936575,118.9955214876033
2026-02-20 04:47:43,100.0,86.4693446088795,118.99274871190599
2026-02-20 04:47:58,100.0,86.25792811839324,118.98997593620868
2026-02-20 04:48:13,100.0,86.04651162790698,118.98720316051136
2026-02-20 04:48:28,100.0,85.83509513742071,118.98443038481405
2026-02-20 04:48:43,100.0,85.62367864693447,118.98165760911674
2026-02-20 04:48:58,100.0,85.41226215644821,118.97888483341941
2026-02-20 04:49:13,100.0,85.20084566596195,118.9761120577221
2026-02-20 04:49:28,100.0,84.98942917547568,118.9733392820248
2026-02-20 04:49:43,100.0,84.77801268498943,118.97056650632747
2026-02-20 04:49:58,100.0,84.56659619450318,118.96779373063016
2026-02-20 04:50:13,100.0,84.35517970401692,118.96502095493285
2026-02-20 04:50:28,100.0,84.14376321353065,118.96224817923553
2026-02-20 04:50:43,100.0,83.93234672304439,118.95947540353822
2026-02-20 04:50:58,100.0,83.72093023255815,118.95670262784091
2026-02-20 04:51:13,100.0,83.50951374207189,118.95392985214359
2026-02-20 04:51:28,100.0,83.29809725158562,118.95115707644628
2026-02-20 04:51:43,100.0,83.08668076109936,118.94838430074897
2026-02-20 04:51:58,100.0,82.8752642706131,118.94561152505165
2026-02-20 04:52:13,100.0,82.66384778012686,118.94283874935434
2026-02-20 04:52:28,100.0,82.4524312896406,118.94006597365703
2026-02-20 04:52:43,100.0,82.24101479915433,118.9372931979597
2026-02-20 04:52:58,100.0,82.02959830866807,118.9345204222624
2026-02-20 04:53:13,100.0,81.81818181818183,118.93174764656509
2026-02-20 04:53:28,100.0,81.60676532769557,118.92897487086776
2026-02-20 04:53:43,100.0,81.3953488372093,118.92620209517045
2026-02-20 04:53:58,100.0,81.18393234672304,118.92342931947314
2026-02-20 04:54:13,100.0,80.97251585623678,118.92065654377582
2026-02-20 04:54:28,100.0,80.76109936575054,118.91788376807851
2026-02-20 04:54:43,100.0,80.54968287526427,118.9151109923812
2026-02-20 04:54:58,100.0,80.33826638477801,118.91233821668388
2026-02-20 04:55:13,100.0,80.12684989429175,118.90956544098657
2026-02-20 04:55:28,100.0,79.9154334038055,118.90679266528926
2026-02-20 04:55:43,100.0,79.70401691331924,118.90401988959194
2026-02-20 04:55:58,100.0,79.49260042283298,118.90124711389463
2026-02-20 04:56:13,100.0,79.28118393234672,118.89847433819732
2026-02-20 04:56:28,100.0,79.06976744186046,118.8957015625
2026-02-20 04:56:43,100.0,78.8583509513742,118.89292878680268
2026-02-20 04:56:58,100.0,78.64693446088795,118.89015601110538
2026-02-20 04:57:13,100.0,78.43551797040169,118.88738323540805
2026-02-20 04:57:28,100.0,78.22410147991543,118.88461045971074
2026-02-20 04:57:43,100.0,78.01268498942918,118.88183768401343
2026-02-20 04:57:58,100.0,77.80126849894292,118.87906490831611
2026-02-20 04:58:13,100.0,77.58985200845666,118.8762921326188
2026-02-20 04:58:28,100.0,77.3784355179704,118.87351935692149
2026-02-20 04:58:43,100.0,77.16701902748414,118.87074658122417
2026-02-20 04:58:58,100.0,76.95560253699789,118.86797380552686
2026-02-20 04:59:13,100.0,76.74418604651163,118.86520102982955
2026-02-20 04:59:28,100.0,76.53276955602537,118.86242825413223
2026-02-20 04:59:43,100.0,76.32135306553911,118.85965547843492
2026-02-20 04:59:58,100.0,76.10993657505286,118.85688270273761
2026-02-20 05:00:13,100.0,75.8985200845666,118.85410992704028
2026-02-20 05:00:28,100.0,75.68710359408034,118.85133715134297
2026-02-20 05:00:43,100.0,75.47568710359408,118.84856437564565
2026-02-20 05:00:58,100.0,75.26427061310783,118.84579159994834
2026-02-20 05:01:13,100.0,75.05285412262155,118.84301882425103
2026-02-20 05:01:28,100.0,74.84143763213531,118.84024604855371
2026-02-20 05:01:43,100.0,74.63002114164905,118.8374732728564
2026-02-20 05:01:58,100.0,74.4186046511628,118.83470049715909
2026-02-20 05:02:13,100.0,74.20718816067652,118.83192772146177
2026-02-20 05:02:28,100.0,73.99577167019028,118.82915494576446
2026-02-20 05:02:43,100.0,73.78435517970402,118.82638217006715
2026-02-20 05:02:58,100.0,73.57293868921776,118.82360939436983
2026-02-20 05:03:13,100.0,73.36152219873149,118.82083661867252
2026-02-20 05:03:28,100.0,73.15010570824523,118.8180638429752
2026-02-20 05:03:43,100.0,72.93868921775899,118.81529106727788
2026-02-20 05:03:58,100.0,72.72727272727273,118.81251829158057
2026-02-20 05:04:13,100.0,72.51585623678648,118.80974551588326
2026-02-20 05:04:28,100.0,72.3044397463002,118.80697274018594
2026-02-20 05:04:43,100.0,72.09302325581395,118.80419996448863
2026-02-20 05:04:58,100.0,71.8816067653277,118.80142718879132
2026-02-20 05:05:13,100.0,71.67019027484145,118.798654413094
2026-02-20 05:05:28,100.0,71.45877378435517,118.79588163739669
2026-02-20 05:05:43,100.0,71.24735729386892,118.79310886169938
2026-02-20 05:05:58,100.0,71.03594080338267,118.79033608600206
2026-02-20 05:06:13,100.0,70.82452431289641,118.78756331030475
2026-02-20 05:06:28,100.0,70.61310782241014,118.78479053460744
2026-02-20 05:06:43,100.0,70.40169133192389,118.78201775891011
2026-02-20 05:06:58,100.0,70.19027484143763,118.7792449832128
2026-02-20 05:07:13,100.0,69.97885835095138,118.7764722075155
2026-02-20 05:07:28,100.0,69.76744186046511,118.77369943181817
2026-02-20 05:07:43,100.0,69.55602536997885,118.77092665612086
2026-02-20 05:07:58,100.0,69.3446088794926,118.76815388042355
2026-02-20 05:08:13,100.0,69.13319238900634,118.76538110472623
2026-02-20 05:08:28,100.0,68.92177589852008,118.76260832902892
2026-02-20 05:08:43,100.0,68.71035940803382,118.75983555333161
2026-02-20 05:08:58,100.0,68.49894291754757,118.75706277763429
2026-02-20 05:09:13,100.0,68.28752642706131,118.75429000193698
2026-02-20 05:09:28,100.0,68.07610993657505,118.75151722623967
2026-02-20 05:09:43,100.0,67.8646934460888,118.74874445054235
2026-02-20 05:09:58,100.0,67.65327695560254,118.74597167484504
2026-02-20 05:10:13,100.0,67.44186046511628,118.74319889914773
2026-02-20 05:10:28,100.0,67.23044397463002,118.7404261234504
2026-02-20 05:10:43,100.0,67.01902748414376,118.7376533477531
2026-02-20 05:10:58,100.0,66.8076109936575,118.73488057205579
2026-02-20 05:11:13,100.0,66.59619450317125,118.73210779635846
2026-02-20 05:11:28,100.0,66.38477801268499,118.72933502066115
2026-02-20 05:11:43,100.0,66.17336152219873,118.72656224496384
2026-02-20 05:11:58,100.0,65.96194503171247,118.72378946926652
2026-02-20 05:12:13,100.0,65.75052854122622,118.72101669356921
2026-02-20 05:12:28,100.0,65.53911205073996,118.7182439178719
2026-02-20 05:12:43,100.0,65.3276955602537,118.71547114217458
2026-02-20 05:12:58,100.0,65.11627906976744,118.71269836647727
2026-02-20 05:13:13,100.0,64.90486257928119,118.70992559077996
2026-02-20 05:13:28,100.0,64.69344608879493,118.70715281508264
2026-02-20 05:13:43,100.0,64.48202959830867,118.70438003938533
2026-02-20 05:13:58,100.0,64.2706131078224,118.70160726368802
2026-02-20 05:14:13,100.0,64.05919661733616,118.6988344879907
2026-02-20 05:14:28,100.0,63.8477801268499,118.69606171229339
2026-02-20 05:14:43,100.0,63.63636363636363,118.69328893659608
2026-02-20 05:14:58,100.0,63.424947145877375,118.69051616089875
2026-02-20 05:15:13,100.0,63.213530655391125,118.68774338520144
2026-02-20 05:15:28,100.0,63.00211416490487,118.68497060950413
2026-02-20 05:15:43,100.0,62.7906976744186,118.68219783380681
2026-02-20 05:15:58,100.0,62.579281183932345,118.6794250581095
2026-02-20 05:16:13,100.0,62.36786469344609,118.67665228241219
2026-02-20 05:16:28,100.0,62.15644820295984,118.67387950671487
2026-02-20 05:16:43,100.0,61.94503171247357,118.67110673101756
2026-02-20 05:16:58,100.0,61.733615221987314,118.66833395532025
2026-02-20 05:17:13,100.0,61.52219873150106,118.66556117962293
2026-02-20 05:17:28,100.0,61.31078224101479,118.66278840392562
2026-02-20 05:17:43,100.0,61.09936575052855,118.66001562822831
2026-02-20 05:17:58,100.0,60.887949260042284,118.65724285253098
2026-02-20 05:18:13,100.0,60.676532769556026,118.65447007683368
2026-02-20 05:18:28,100.0,60.46511627906976,118.65169730113637
2026-02-20 05:18:43,100.0,60.25369978858352,118.64892452543904
2026-02-20 05:18:58,100.0,60.04228329809725,118.64615174974173
2026-02-20 05:19:13,100.0,59.830866807610995,118.64337897404442
2026-02-20 05:19:28,100.0,59.61945031712473,118.6406061983471
2026-02-20 05:19:43,100.0,59.40803382663847,118.63783342264979
2026-02-20 05:19:58,100.0,59.19661733615222,118.63506064695248
2026-02-20 05:20:13,100.0,58.985200845665965,118.63228787125516
2026-02-20 05:20:28,100.0,58.7737843551797,118.62951509555785
2026-02-20 05:20:43,100.0,58.56236786469344,118.62674231986054
2026-02-20 05:20:58,100.0,58.350951374207185,118.62396954416322
2026-02-20 05:21:13,100.0,58.139534883720934,118.62119676846591
2026-02-20 05:21:28,100.0,57.928118393234676,118.61842399276858
2026-02-20 05:21:43,100.0,57.71670190274841,118.61565121707127
2026-02-20 05:21:58,100.0,57.505285412262154,118.61287844137397
2026-02-20 05:22:13,100.0,57.2938689217759,118.61010566567664
2026-02-20 05:22:28,100.0,57.082452431289646,118.60733288997933
2026-02-20 05:22:43,100.0,56.87103594080338,118.60456011428202
2026-02-20 05:22:58,100.0,56.65961945031712,118.6017873385847
2026-02-20 05:23:13,100.0,56.448202959830866,118.59901456288739
2026-02-20 05:23:28,100.0,56.236786469344615,118.59624178719008
2026-02-20 05:23:43,100.0,56.02536997885835,118.59346901149276
2026-02-20 05:23:58,100.0,55.81395348837209,118.59069623579545
2026-02-20 05:24:13,100.0,55.602536997885835,118.58792346009814
2026-02-20 05:24:28,100.0,55.391120507399584,118.58515068440082
2026-02-20 05:24:43,100.0,55.17970401691332,118.5823779087035
2026-02-20 05:24:58,100.0,54.96828752642706,118.5796051330062
2026-02-20 05:25:13,100.0,54.756871035940804,118.57683235730887
2026-02-20 05:25:28,100.0,54.54545454545454,118.57405958161156
2026-02-20 05:25:43,100.0,54.33403805496829,118.57128680591426
2026-02-20 05:25:58,100.0,54.12262156448203,118.56851403021693
2026-02-20 05:26:13,100.0,53.911205073995774,118.56574125451962
2026-02-20 05:26:28,100.0,53.69978858350951,118.56296847882231
2026-02-20 05:26:43,100.0,53.48837209302325,118.56019570312499
2026-02-20 05:26:58,100.0,53.276955602537,118.55742292742768
2026-02-20 05:27:13,100.0,53.06553911205074,118.55465015173037
2026-02-20 05:27:28,100.0,52.85412262156448,118.55187737603305
2026-02-20 05:27:43,100.0,52.64270613107822,118.54910460033574
2026-02-20 05:27:58,100.0,52.43128964059197,118.54633182463843
2026-02-20 05:28:13,100.0,52.21987315010571,118.5435590489411
2026-02-20 05:28:28,100.0,52.00845665961945,118.5407862732438
2026-02-20 05:28:43,100.0,51.79704016913319,118.53801349754649
2026-02-20 05:28:58,100.0,51.58562367864693,118.53524072184916
2026-02-20 05:29:13,100.0,51.37420718816068,118.53246794615185
2026-02-20 05:29:28,100.0,51.162790697674424,118.52969517045454
2026-02-20 05:29:43,100.0,50.95137420718816,118.52692239475722
2026-02-20 05:29:58,100.0,50.7399577167019,118.52414961905991
2026-02-20 05:30:13,100.0,50.52854122621564,118.5213768433626
2026-02-20 05:30:28,100.0,50.317124735729394,118.51860406766528
2026-02-20 05:30:43,100.0,50.10570824524313,118.51583129196797
2026-02-20 05:30:58,100.0,49.89429175475687,118.51305851627066
2026-02-20 05:31:13,100.0,49.68287526427061,118.51028574057334
2026-02-20 05:31:28,100.0,49.471458773784356,118.50751296487603
2026-02-20 05:31:43,100.0,49.2600422832981,118.50474018917872
2026-02-20 05:31:58,100.0,49.04862579281184,118.5019674134814
2026-02-20 05:32:13,100.0,48.837209302325576,118.49919463778409
2026-02-20 05:32:28,100.0,48.625792811839325,118.49642186208678
2026-02-20 05:32:43,100.0,48.41437632135307,118.49364908638945
2026-02-20 05:32:58,100.0,48.20295983086681,118.49087631069214
2026-02-20 05:33:13,100.0,47.99154334038055,118.48810353499483
2026-02-20 05:33:28,100.0,47.780126849894295,118.48533075929751
2026-02-20 05:33:43,100.0,47.56871035940804,118.4825579836002
2026-02-20 05:33:58,100.0,47.35729386892177,118.47978520790289
2026-02-20 05:34:13,100.0,47.14587737843552,118.47701243220557
2026-02-20 05:34:28,100.0,46.93446088794926,118.47423965650826
2026-02-20 05:34:43,100.0,46.723044397463006,118.47146688081095
2026-02-20 05:34:58,100.0,46.51162790697674,118.46869410511363
2026-02-20 05:35:13,87.5,46.30021141649049,118.46592132941632
2026-02-20 05:35:28,87.5,46.088794926004226,118.46314855371901
2026-02-20 05:35:43,87.5,45.87737843551797,118.46037577802169
2026-02-20 05:35:58,87.5,45.66596194503171,118.45760300232438
2026-02-20 05:36:13,87.5,45.45454545454545,118.45483022662707
2026-02-20 05:36:28,87.5,45.243128964059196,118.45205745092974
2026-02-20 05:36:43,87.5,45.03171247357294,118.44928467523243
2026-02-20 05:36:58,87.5,44.82029598308668,118.44651189953512
2026-02-20 05:37:13,87.5,44.60887949260042,118.4437391238378
2026-02-20 05:37:28,87.5,44.397463002114165,118.44096634814049
2026-02-20 05:37:43,87.5,44.18604651162791,118.43819357244318
2026-02-20 05:37:58,87.5,43.97463002114165,118.43542079674586
2026-02-20 05:38:13,87.5,43.76321353065539,118.43264802104855
2026-02-20 05:38:28,87.5,43.551797040169134,118.42987524535124
2026-02-20 05:38:43,87.5,43.34038054968288,118.42710246965392
2026-02-20 05:38:58,87.5,43.12896405919662,118.42432969395661
2026-02-20 05:39:13,87.5,42.917547568710354,118.4215569182593
2026-02-20 05:39:28,87.5,42.706131078224104,118.41878414256198
2026-02-20 05:39:43,87.5,42.49471458773784,118.41601136686467
2026-02-20 05:39:58,87.5,42.28329809725159,118.41323859116736
2026-02-20 05:40:13,87.5,42.071881606765324,118.41046581547003
2026-02-20 05:40:28,87.5,41.86046511627907,118.40769303977272
2026-02-20 05:40:43,87.5,41.64904862579281,118.4049202640754
2026-02-20 05:40:58,87.5,41.43763213530655,118.40214748837809
2026-02-20 05:41:13,87.5,41.2262156448203,118.39937471268078
2026-02-20 05:41:28,87.5,41.014799154334035,118.39660193698346
2026-02-20 05:41:43,87.5,40.803382663847785,118.39382916128615
2026-02-20 05:41:58,87.5,40.59196617336152,118.39105638558884
2026-02-20 05:42:13,87.5,40.38054968287527,118.38828360989152
2026-02-20 05:42:28,87.5,40.169133192389005,118.3855108341942
2026-02-20 05:42:43,87.5,39.95771670190275,118.3827380584969
2026-02-20 05:42:58,87.5,39.74630021141649,118.37996528279957
2026-02-20 05:43:13,87.5,39.53488372093023,118.37719250710227
2026-02-20 05:43:28,87.5,39.323467230443974,118.37441973140496
2026-02-20 05:43:43,87.5,39.112050739957716,118.37164695570763
2026-02-20 05:43:58,87.5,38.90063424947146,118.36887418001032
2026-02-20 05:44:13,87.5,38.6892177589852,118.36610140431301
2026-02-20 05:44:28,87.5,38.47780126849894,118.36332862861569
2026-02-20 05:44:43,87.5,38.266384778012686,118.36055585291838
2026-02-20 05:44:58,87.5,38.05496828752643,118.35778307722107
2026-02-20 05:45:13,87.5,37.84355179704017,118.35501030152375
2026-02-20 05:45:28,87.5,37.63213530655391,118.35223752582644
2026-02-20 05:45:43,87.5,37.420718816067655,118.34946475012913
2026-02-20 05:45:58,87.5,37.2093023255814,118.3466919744318
2026-02-20 05:46:13,87.5,36.99788583509514,118.3439191987345
2026-02-20 05:46:28,87.5,36.78646934460888,118.34114642303719
2026-02-20 05:46:43,87.5,36.57505285412262,118.33837364733986
2026-02-20 05:46:58,87.5,36.36363636363637,118.33560087164255
2026-02-20 05:47:13,87.5,36.1522198731501,118.33282809594525
2026-02-20 05:47:28,75.0,35.94080338266385,118.33005532024792
2026-02-20 05:47:43,75.0,35.72938689217759,118.32728254455061
2026-02-20 05:47:58,75.0,35.517970401691336,118.3245097688533
2026-02-20 05:48:13,75.0,35.30655391120507,118.32173699315598
2026-02-20 05:48:28,75.0,35.095137420718814,118.31896421745867
2026-02-20 05:48:43,75.0,34.883720930232556,118.31619144176136
2026-02-20 05:48:58,75.0,34.6723044397463,118.31341866606404
2026-02-20 05:49:13,75.0,34.46088794926004,118.31064589036673
2026-02-20 05:49:28,75.0,34.24947145877378,118.30787311466942
2026-02-20 05:49:43,75.0,34.038054968287526,118.3051003389721
2026-02-20 05:49:58,75.0,33.82663847780127,118.30232756327479
2026-02-20 05:50:13,75.0,33.61522198731501,118.29955478757748
2026-02-20 05:50:28,75.0,33.40380549682875,118.29678201188015
2026-02-20 05:50:43,75.0,33.192389006342495,118.29400923618284
2026-02-20 05:50:58,75.0,32.98097251585624,118.29123646048554
2026-02-20 05:51:13,75.0,32.76955602536998,118.28846368478821
2026-02-20 05:51:28,75.0,32.55813953488372,118.2856909090909
2026-02-20 05:51:43,75.0,32.346723044397464,118.2829181333936
2026-02-20 05:51:58,75.0,32.1353065539112,118.28014535769627
2026-02-20 05:52:13,75.0,31.92389006342495,118.27737258199896
2026-02-20 05:52:28,75.0,31.712473572938688,118.27459980630165
2026-02-20 05:52:43,75.0,31.501057082452434,118.27182703060433
2026-02-20 05:52:58,75.0,31.289640591966172,118.26905425490702
2026-02-20 05:53:13,75.0,31.07822410147992,118.26628147920971
2026-02-20 05:53:28,75.0,30.866807610993657,118.26350870351239
2026-02-20 05:53:43,75.0,30.655391120507396,118.26073592781508
2026-02-20 05:53:58,75.0,30.443974630021142,118.25796315211777
2026-02-20 05:54:13,75.0,30.23255813953488,118.25519037642044
2026-02-20 05:54:28,75.0,30.021141649048626,118.25241760072313
2026-02-20 05:54:43,75.0,29.809725158562365,118.24964482502583
2026-02-20 05:54:58,75.0,29.59830866807611,118.2468720493285
2026-02-20 05:55:13,75.0,29.38689217758985,118.24409927363119
2026-02-20 05:55:28,75.0,29.175475687103592,118.24132649793388
2026-02-20 05:55:43,75.0,28.964059196617338,118.23855372223656
2026-02-20 05:55:58,75.0,28.752642706131077,118.23578094653925
2026-02-20 05:56:13,75.0,28.541226215644823,118.23300817084194
2026-02-20 05:56:28,75.0,28.32980972515856,118.23023539514462
2026-02-20 05:56:43,75.0,28.118393234672308,118.22746261944731
2026-02-20 05:56:58,75.0,27.906976744186046,118.22468984375
2026-02-20 05:57:13,75.0,27.695560253699792,118.22191706805268
2026-02-20 05:57:28,75.0,27.48414376321353,118.21914429235537
2026-02-20 05:57:43,75.0,27.27272727272727,118.21637151665806
2026-02-20 05:57:58,75.0,27.061310782241016,118.21359874096073
2026-02-20 05:58:13,75.0,26.849894291754755,118.21082596526342
2026-02-20 05:58:28,75.0,26.6384778012685,118.20805318956612
2026-02-20 05:58:43,75.0,26.42706131078224,118.20528041386879
2026-02-20 05:58:58,75.0,26.215644820295985,118.20250763817148
2026-02-20 05:59:13,75.0,26.004228329809724,118.19973486247417
2026-02-20 05:59:28,75.0,25.792811839323466,118.19696208677685
2026-02-20 05:59:43,75.0,25.581395348837212,118.19418931107954
2026-02-20 05:59:58,75.0,25.36997885835095,118.19141653538223
2026-02-20 06:00:13,75.0,25.158562367864697,118.1817959118603
2026-02-20 06:00:28,75.0,24.947145877378436,118.17112177328843
2026-02-20 06:00:43,75.0,24.735729386892178,118.16044763471656
2026-02-20 06:00:58,75.0,24.52431289640592,118.1497734961447
2026-02-20 06:01:13,62.5,24.312896405919663,118.13909935757283
2026-02-20 06:01:28,62.5,24.101479915433405,118.12842521900097
2026-02-20 06:01:43,62.5,23.890063424947147,118.1177510804291
2026-02-20 06:01:58,62.5,23.678646934460886,118.10707694185724
2026-02-20 06:02:13,62.5,23.46723044397463,118.09640280328537
2026-02-20 06:02:28,62.5,23.25581395348837,118.0857286647135
2026-02-20 06:02:43,62.5,23.044397463002113,118.07505452614164
2026-02-20 06:02:58,62.5,22.832980972515855,118.06438038756977
2026-02-20 06:03:13,62.5,22.621564482029598,118.05370624899791
2026-02-20 06:03:28,62.5,22.41014799154334,118.04303211042604
2026-02-20 06:03:43,62.5,22.198731501057082,118.03235797185418
2026-02-20 06:03:58,62.5,21.987315010570825,118.02168383328231
2026-02-20 06:04:13,62.5,21.775898520084567,118.01100969471045
2026-02-20 06:04:28,62.5,21.56448202959831,118.00033555613858
2026-02-20 06:04:43,62.5,21.108742004264393,117.98966141756671
2026-02-20 06:04:58,62.5,20.8955223880597,117.97898727899485
2026-02-20 06:05:13,62.5,20.68230277185501,117.96831314042298
2026-02-20 06:05:28,62.5,20.46908315565032,117.95763900185112
2026-02-20 06:05:43,62.5,20.255863539445627,117.94696486327925
2026-02-20 06:05:58,62.5,20.042643923240938,117.93629072470739
2026-02-20 06:06:13,62.5,19.82942430703625,117.92561658613552
2026-02-20 06:06:28,62.5,19.616204690831555,117.91494244756365
2026-02-20 06:06:43,62.5,19.402985074626866,117.90426830899179
2026-02-20 06:06:58,62.5,19.189765458422176,117.89359417041992
2026-02-20 06:07:13,62.5,18.976545842217483,117.88292003184806
2026-02-20 06:07:28,62.5,18.763326226012794,117.87224589327619
2026-02-20 06:07:43,62.5,18.550106609808104,117.86157175470433
2026-02-20 06:07:58,62.5,18.336886993603414,117.85089761613246
2026-02-20 06:08:13,62.5,18.123667377398718,117.8402234775606
2026-02-20 06:08:28,62.5,17.91044776119403,117.82954933898873
2026-02-20 06:08:43,62.5,17.69722814498934,117.81887520041685
2026-02-20 06:08:58,62.5,17.48400852878465,117.808201061845
2026-02-20 06:09:13,62.5,17.270788912579956,117.79752692327313
2026-02-20 06:09:28,62.5,17.057569296375267,117.78685278470127
2026-02-20 06:09:43,62.5,16.844349680170577,117.7761786461294
2026-02-20 06:09:58,62.5,16.631130063965884,117.76550450755754
2026-02-20 06:10:13,62.5,16.417910447761194,117.75483036898567
2026-02-20 06:10:28,62.5,16.204690831556505,117.7441562304138
2026-02-20 06:10:43,62.5,15.991471215351813,117.73348209184194
2026-02-20 06:10:58,62.5,15.778251599147122,117.72280795327006
2026-02-20 06:11:13,62.5,15.56503198294243,117.7121338146982
2026-02-20 06:11:28,62.5,15.351812366737741,117.70145967612633
2026-02-20 06:11:43,62.5,15.13859275053305,117.69078553755448
2026-02-20 06:11:58,50.0,14.925373134328357,117.6801113989826
2026-02-20 06:12:13,50.0,14.712153518123666,117.66943726041075
2026-02-20 06:12:28,50.0,14.498933901918976,117.65876312183887
2026-02-20 06:12:43,50.0,14.285714285714285,117.648088983267
2026-02-20 06:12:58,50.0,14.072494669509595,117.63741484469514
2026-02-20 06:13:13,50.0,13.859275053304904,117.62674070612327
2026-02-20 06:13:28,50.0,13.646055437100213,117.61606656755141
2026-02-20 06:13:43,50.0,13.432835820895523,117.60539242897954
2026-02-20 06:13:58,50.0,13.219616204690832,117.59471829040768
2026-02-20 06:14:13,50.0,13.00639658848614,117.58404415183581
2026-02-20 06:14:28,50.0,12.79317697228145,117.57337001326394
2026-02-20 06:14:43,50.0,12.57995735607676,117.56269587469208
2026-02-20 06:14:58,50.0,12.366737739872068,117.55202173612021
2026-02-20 06:15:13,50.0,12.153518123667377,117.54134759754835
2026-02-20 06:15:28,50.0,11.940298507462686,117.53067345897648
2026-02-20 06:15:43,50.0,11.727078891257996,117.51999932040462
2026-02-20 06:15:58,50.0,11.513859275053305,117.50932518183275
2026-02-20 06:16:13,50.0,11.300639658848615,117.49865104326089
2026-02-20 06:16:28,50.0,11.087420042643924,117.48797690468902
2026-02-20 06:16:43,50.0,10.874200426439232,117.47730276611715
2026-02-20 06:16:58,50.0,10.660980810234541,117.46662862754529
2026-02-20 06:17:13,50.0,10.44776119402985,117.45595448897342
2026-02-20 06:17:28,50.0,10.23454157782516,117.44528035040156
2026-02-20 06:17:43,50.0,10.021321961620469,117.43460621182969
2026-02-20 06:17:58,50.0,9.808102345415778,117.42393207325783
2026-02-20 06:18:13,50.0,9.594882729211088,117.41325793468596
2026-02-20 06:18:28,50.0,9.381663113006397,117.40258379611409
2026-02-20 06:18:43,50.0,9.168443496801707,117.39190965754223
2026-02-20 06:18:58,50.0,8.955223880597014,117.38123551897036
2026-02-20 06:19:13,50.0,8.742004264392325,117.3705613803985
2026-02-20 06:19:28,50.0,8.528784648187633,117.35988724182663
2026-02-20 06:19:43,50.0,8.315565031982942,117.34921310325477
2026-02-20 06:19:58,50.0,8.102345415778252,117.3385389646829
2026-02-20 06:20:13,50.0,7.889125799573561,117.32786482611104
2026-02-20 06:20:28,50.0,7.675906183368871,117.31719068753917
2026-02-20 06:20:43,50.0,7.462686567164178,117.3065165489673
2026-02-20 06:20:58,50.0,7.249466950959488,117.29584241039544
2026-02-20 06:21:13,50.0,7.036247334754798,117.28516827182357
2026-02-20 06:21:28,50.0,6.823027718550106,117.27449413325171
2026-02-20 06:21:43,50.0,6.609808102345416,117.26381999467984
2026-02-20 06:21:58,50.0,6.396588486140725,117.25314585610798
2026-02-20 06:22:13,50.0,6.183368869936034,117.2424717175361
2026-02-20 06:22:28,50.0,5.970149253731343,117.23179757896423
2026-02-20 06:22:43,50.0,5.756929637526652,117.22112344039238
2026-02-20 06:22:58,50.0,5.543710021321962,117.2104493018205
2026-02-20 06:23:13,50.0,5.330490405117271,117.19977516324865
2026-02-20 06:23:28,50.0,5.11727078891258,117.18910102467677
2026-02-20 06:23:43,50.0,4.904051172707889,117.17842688610492
2026-02-20 06:23:58,50.0,4.690831556503198,117.16775274753304
2026-02-20 06:24:13,50.0,4.477611940298507,117.15707860896119
2026-02-20 06:24:28,50.0,4.264392324093817,117.14640447038931
2026-02-20 06:24:43,37.5,4.051172707889126,117.13573033181744
2026-02-20 06:24:58,37.5,3.8379530916844353,117.12505619324558
2026-02-20 06:25:13,37.5,3.624733475479744,117.11438205467371
2026-02-20 06:25:28,37.5,3.411513859275053,117.10370791610185
2026-02-20 06:25:43,37.5,3.1982942430703627,117.09303377752998
2026-02-20 06:25:58,37.5,2.9850746268656714,117.08235963895812
2026-02-20 06:26:13,37.5,2.771855010660981,117.07168550038625
2026-02-20 06:26:28,37.5,2.55863539445629,117.06101136181438
2026-02-20 06:26:43,37.5,2.345415778251599,117.05033722324252
2026-02-20 06:26:58,37.5,2.1321961620469083,117.03966308467065
2026-02-20 06:27:13,37.5,1.9189765458422177,117.02898894609879
2026-02-20 06:27:28,37.5,1.7057569296375266,117.01831480752692
2026-02-20 06:27:43,37.5,1.4925373134328357,117.00764066895506
2026-02-20 06:27:58,37.5,0.8602150537634409,116.99696653038319
2026-02-20 06:28:13,37.5,0.6451612903225806,116.98629239181133
2026-02-20 06:28:28,37.5,0.43010752688172044,116.97561825323946
2026-02-20 06:28:43,37.5,0.21505376344086022,116.96494411466759
2026-02-20 06:28:58,37.5,0.0,116.95426997609573
2026-02-20 06:29:13,37.5,0.0,116.94359583752386
2026-02-20 06:29:28,37.5,0.0,116.932921698952
2026-02-20 06:29:43,37.5,0.0,116.92224756038013
2026-02-20 06:29:58,37.5,0.0,116.91157342180827
2026-02-20 06:30:13,37.5,0.0,116.9008992832364
2026-02-20 06:30:28,37.5,0.0,116.89022514466453
2026-02-20 06:30:43,37.5,0.0,116.87955100609267
2026-02-20 06:30:58,37.5,0.0,116.8688768675208
2026-02-20 06:31:13,37.5,0.0,116.85820272894894
2026-02-20 06:31:28,37.5,0.0,116.84752859037707
2026-02-20 06:31:43,37.5,0.0,116.83685445180521
2026-02-20 06:31:58,37.5,0.0,116.82618031323334
2026-02-20 06:32:13,37.5,0.0,116.81550617466148
2026-02-20 06:32:28,37.5,0.0,116.8048320360896
2026-02-20 06:32:43,37.5,0.0,116.79415789751774
2026-02-20 06:32:58,37.5,0.0,116.78348375894588
2026-02-20 06:33:13,37.5,0.0,116.772809620374
2026-02-20 06:33:28,37.5,0.0,116.76213548180215
2026-02-20 06:33:43,37.5,0.0,116.75146134323028
2026-02-20 06:33:58,37.5,0.0,116.74078720465842
2026-02-20 06:34:13,37.5,0.0,116.73011306608655
2026-02-20 06:34:28,37.5,0.0,116.71943892751467
2026-02-20 06:34:43,37.5,0.0,116.70876478894282
2026-02-20 06:34:58,37.5,0.0,116.69809065037094
2026-02-20 06:35:13,37.5,0.0,116.68741651179909
2026-02-20 06:35:28,37.5,0.0,116.67674237322721
2026-02-20 06:35:43,37.5,0.0,116.66606823465536
2026-02-20 06:35:58,37.5,0.0,116.65539409608348
2026-02-20 06:36:13,37.5,0.0,116.64471995751163
2026-02-20 06:36:28,37.5,0.0,116.63404581893975
2026-02-20 06:36:43,37.5,0.0,116.62337168036788
2026-02-20 06:36:58,37.5,0.0,116.61269754179602
2026-02-20 06:37:13,37.5,0.0,116.60202340322415
2026-02-20 06:37:28,37.5,0.0,116.5913492646523
2026-02-20 06:37:43,37.5,0.0,116.58067512608042
2026-02-20 06:37:58,37.5,0.0,116.57000098750856
2026-02-20 06:38:13,37.5,0.0,116.55932684893669
2026-02-20 06:38:28,37.5,0.0,116.54865271036482
2026-02-20 06:38:43,37.5,0.0,116.53797857179296
2026-02-20 06:38:58,37.5,0.0,116.52730443322109
2026-02-20 06:39:13,37.5,0.0,116.51663029464923
2026-02-20 06:39:28,37.5,0.0,116.50595615607736
2026-02-20 06:39:43,37.5,0.0,116.4952820175055
2026-02-20 06:39:58,37.5,0.0,116.48460787893363
2026-02-20 06:40:13,37.5,0.0,116.47393374036177
2026-02-20 06:40:28,37.5,0.0,116.4632596017899
2026-02-20 06:40:43,37.5,0.0,116.45258546321803
2026-02-20 06:40:58,37.5,0.0,116.44191132464617
2026-02-20 06:41:13,25.0,0.0,116.4312371860743
2026-02-20 06:41:28,25.0,0.0,116.42056304750244
2026-02-20 06:41:43,25.0,0.0,116.40988890893057
2026-02-20 06:41:58,25.0,0.0,116.39921477035871
2026-02-20 06:42:13,25.0,0.0,116.38854063178684
2026-02-20 06:42:28,25.0,0.0,116.37786649321497
2026-02-20 06:42:43,25.0,0.0,116.36719235464311
2026-02-20 06:42:58,25.0,0.0,116.35651821607124
2026-02-20 06:43:13,25.0,0.0,116.34584407749938
2026-02-20 06:43:28,25.0,0.0,116.3351699389275
2026-02-20 06:43:43,25.0,0.0,116.32449580035565
2026-02-20 06:43:58,25.0,0.0,116.31382166178378
2026-02-20 06:44:13,25.0,0.0,116.30314752321192
2026-02-20 06:44:28,25.0,0.0,116.29247338464005
2026-02-20 06:44:43,25.0,0.0,116.28179924606818
2026-02-20 06:44:58,25.0,0.0,116.27112510749632
2026-02-20 06:45:13,25.0,0.0,116.26045096892445
2026-02-20 06:45:28,25.0,0.0,116.24977683035259
2026-02-20 06:45:43,25.0,0.0,116.23910269178072
2026-02-20 06:45:58,25.0,0.0,116.22842855320886
2026-02-20 06:46:13,25.0,0.0,116.21775441463699
2026-02-20 06:46:28,25.0,0.0,116.20708027606511
2026-02-20 06:46:43,25.0,0.0,116.19640613749326
2026-02-20 06:46:58,25.0,0.0,116.18573199892138
2026-02-20 06:47:13,25.0,0.0,116.17505786034953
2026-02-20 06:47:28,25.0,0.0,116.16438372177765
2026-02-20 06:47:43,25.0,0.0,116.1537095832058
2026-02-20 06:47:58,25.0,0.0,116.14303544463392
2026-02-20 06:48:13,25.0,0.0,116.13236130606207
2026-02-20 06:48:28,25.0,0.0,116.1216871674902
2026-02-20 06:48:43,25.0,0.0,116.11101302891832
2026-02-20 06:48:58,25.0,0.0,116.10033889034646
2026-02-20 06:49:13,25.0,0.0,116.08966475177459
2026-02-20 06:49:28,25.0,0.0,116.07899061320273
2026-02-20 06:49:43,25.0,0.0,116.06831647463086
2026-02-20 06:49:58,25.0,0.0,116.057642336059
2026-02-20 06:50:13,25.0,0.0,116.04696819748713
2026-02-20 06:50:28,25.0,0.0,116.03629405891526
2026-02-20 06:50:43,25.0,0.0,116.0256199203434
2026-02-20 06:50:58,25.0,0.0,116.01494578177153
2026-02-20 06:51:13,25.0,0.0,116.00427164319967
2026-02-20 06:51:28,25.0,0.0,115.9935975046278
2026-02-20 06:51:43,25.0,0.0,115.98292336605594
2026-02-20 06:51:58,25.0,0.0,115.97224922748407
2026-02-20 06:52:13,25.0,0.0,115.96157508891221
2026-02-20 06:52:28,25.0,0.0,115.95090095034034
2026-02-20 06:52:43,25.0,0.0,115.94022681176847
2026-02-20 06:52:58,25.0,0.0,115.92955267319661
2026-02-20 06:53:13,25.0,0.0,115.91887853462474
2026-02-20 06:53:28,25.0,0.0,115.90820439605288
2026-02-20 06:53:43,25.0,0.21691973969631237,115.89753025748101
2026-02-20 06:53:58,25.0,0.43383947939262474,115.88685611890915
2026-02-20 06:54:13,25.0,0.6507592190889371,115.87618198033728
2026-02-20 06:54:28,25.0,0.8676789587852495,115.8655078417654
2026-02-20 06:54:43,25.0,1.0845986984815619,115.85483370319355
2026-02-20 06:54:58,25.0,1.3015184381778742,115.84415956462168
2026-02-20 06:55:13,25.0,1.5184381778741864,115.83348542604982
2026-02-20 06:55:28,25.0,1.735357917570499,115.82281128747795
2026-02-20 06:55:43,25.0,1.9522776572668112,115.81213714890609
2026-02-20 06:55:58,25.0,2.1691973969631237,115.80146301033422
2026-02-20 06:56:13,25.0,2.386117136659436,115.79078887176236
2026-02-20 06:56:28,25.0,2.6030368763557483,115.78011473319049
2026-02-20 06:56:43,25.0,2.8199566160520604,115.76944059461862
2026-02-20 06:56:58,25.0,3.036876355748373,115.75876645604676
2026-02-20 06:57:13,25.0,3.2537960954446854,115.74809231747489
2026-02-20 06:57:28,25.0,3.470715835140998,115.73741817890303
2026-02-20 06:57:43,25.0,3.68763557483731,115.72674404033116
2026-02-20 06:57:58,25.0,3.9045553145336225,115.7160699017593
2026-02-20 06:58:13,25.0,4.121475054229935,115.70539576318743
2026-02-20 06:58:28,25.0,4.3383947939262475,115.69472162461555
2026-02-20 06:58:43,25.0,4.55531453362256,115.6840474860437
2026-02-20 06:58:58,25.0,4.55531453362256,115.67337334747182
2026-02-20 06:59:13,25.0,4.55531453362256,115.66269920889997
2026-02-20 06:59:28,25.0,4.55531453362256,115.6520250703281
2026-02-20 06:59:43,25.0,4.55531453362256,115.64135093175624
2026-02-20 06:59:58,25.0,4.55531453362256,115.63067679318436
2026-02-20 07:00:13,25.0,4.55531453362256,115.6200026546125
2026-02-20 07:00:28,25.0,4.55531453362256,115.60932851604063
2026-02-20 07:00:43,25.0,4.55531453362256,115.59865437746876
2026-02-20 07:00:58,25.0,4.55531453362256,115.5879802388969
2026-02-20 07:01:13,25.0,4.55531453362256,115.57730610032503
2026-02-20 07:01:28,25.0,4.55531453362256,115.56663196175317
2026-02-20 07:01:43,25.0,4.55531453362256,115.5559578231813
2026-02-20 07:01:58,25.0,4.55531453362256,115.54528368460944
2026-02-20 07:02:13,25.0,4.55531453362256,115.53460954603757
2026-02-20 07:02:28,25.0,4.55531453362256,115.5239354074657
2026-02-20 07:02:43,25.0,4.55531453362256,115.51326126889384
2026-02-20 07:02:58,25.0,4.55531453362256,115.50258713032197
2026-02-20 07:03:13,25.0,4.55531453362256,115.49191299175011
2026-02-20 07:03:28,25.0,4.55531453362256,115.48123885317824
2026-02-20 07:03:43,25.0,4.55531453362256,115.47056471460638
2026-02-20 07:03:58,25.0,4.55531453362256,115.45989057603451
2026-02-20 07:04:13,25.0,4.55531453362256,115.44921643746265
2026-02-20 07:04:28,25.0,4.55531453362256,115.43854229889078
2026-02-20 07:04:43,25.0,4.55531453362256,115.42786816031891
2026-02-20 07:04:58,25.0,4.55531453362256,115.41719402174705
2026-02-20 07:05:13,25.0,4.55531453362256,115.40651988317518
2026-02-20 07:05:28,25.0,4.55531453362256,115.39584574460332
2026-02-20 07:05:43,25.0,4.55531453362256,115.38517160603145
2026-02-20 07:05:58,25.0,4.55531453362256,115.37449746745959
2026-02-20 07:06:13,25.0,4.55531453362256,115.36382332888772
2026-02-20 07:06:28,25.0,4.55531453362256,115.35314919031585
2026-02-20 07:06:43,25.0,4.55531453362256,115.34247505174399
2026-02-20 07:06:58,25.0,4.55531453362256,115.33180091317212
2026-02-20 07:07:13,25.0,4.55531453362256,115.32112677460026
2026-02-20 07:07:28,25.0,4.55531453362256,115.31045263602839
2026-02-20 07:07:43,25.0,4.55531453362256,115.29977849745653
2026-02-20 07:07:58,25.0,4.55531453362256,115.28910435888466
2026-02-20 07:08:13,25.0,4.55531453362256,115.2784302203128
2026-02-20 07:08:28,25.0,4.55531453362256,115.26775608174093
2026-02-20 07:08:43,25.0,4.55531453362256,115.25708194316906
2026-02-20 07:08:58,25.0,4.55531453362256,115.2464078045972
2026-02-20 07:09:13,25.0,4.55531453362256,115.23573366602533
2026-02-20 07:09:28,25.0,4.55531453362256,115.22505952745347
2026-02-20 07:09:43,25.0,4.55531453362256,115.2143853888816
2026-02-20 07:09:58,25.0,4.55531453362256,115.20371125030974
2026-02-20 07:10:13,25.0,4.55531453362256,115.19303711173787
2026-02-20 07:10:28,25.0,4.55531453362256,115.182362973166
2026-02-20 07:10:43,25.0,4.55531453362256,115.17168883459414
2026-02-20 07:10:58,25.0,4.55531453362256,115.16101469602226
2026-02-20 07:11:13,25.0,4.55531453362256,115.1503405574504
2026-02-20 07:11:28,25.0,4.55531453362256,115.13966641887853
2026-02-20 07:11:43,25.0,4.55531453362256,115.12899228030668
2026-02-20 07:11:58,25.0,4.55531453362256,115.1183181417348
2026-02-20 07:12:13,25.0,4.55531453362256,115.10764400316295
2026-02-20 07:12:28,25.0,4.55531453362256,115.09696986459107
2026-02-20 07:12:43,25.0,4.55531453362256,115.0862957260192
2026-02-20 07:12:58,25.0,4.55531453362256,115.07562158744734
2026-02-20 07:13:13,25.0,4.55531453362256,115.06494744887547
2026-02-20 07:13:28,25.0,4.55531453362256,115.05427331030361
2026-02-20 07:13:43,25.0,4.55531453362256,115.04359917173174
2026-02-20 07:13:58,25.0,4.55531453362256,115.03292503315988
2026-02-20 07:14:13,25.0,4.55531453362256,115.02225089458801
2026-02-20 07:14:28,25.0,4.55531453362256,115.01157675601614
2026-02-20 07:14:43,25.0,4.55531453362256,115.00090261744428
2026-02-20 07:14:58,25.0,4.595185995623632,114.99022847887241
2026-02-20 07:15:13,25.0,4.595185995623632,114.97955434030055
2026-02-20 07:15:28,25.0,4.595185995623632,114.96888020172868
2026-02-20 07:15:43,25.0,4.595185995623632,114.95820606315682
2026-02-20 07:15:58,25.0,4.595185995623632,114.94753192458495
2026-02-20 07:16:13,25.0,4.595185995623632,114.93685778601309
2026-02-20 07:16:28,25.0,4.595185995623632,114.92618364744122
2026-02-20 07:16:43,25.0,4.595185995623632,114.91550950886935
2026-02-20 07:16:58,25.0,4.595185995623632,114.90483537029749
2026-02-20 07:17:13,25.0,4.595185995623632,114.89416123172562
2026-02-20 07:17:28,25.0,4.595185995623632,114.88348709315376
2026-02-20 07:17:43,25.0,4.595185995623632,114.87281295458189
2026-02-20 07:17:58,25.0,4.595185995623632,114.86213881601003
2026-02-20 07:18:13,25.0,4.595185995623632,114.85146467743816
2026-02-20 07:18:28,12.5,4.595185995623632,114.84079053886629
2026-02-20 07:18:43,12.5,4.595185995623632,114.83011640029443
2026-02-20 07:18:58,12.5,4.595185995623632,114.81944226172256
2026-02-20 07:19:13,12.5,4.595185995623632,114.8087681231507
2026-02-20 07:19:28,12.5,4.595185995623632,114.79809398457883
2026-02-20 07:19:43,12.5,4.595185995623632,114.78741984600697
2026-02-20 07:19:58,12.5,4.595185995623632,114.7767457074351
2026-02-20 07:20:13,12.5,4.595185995623632,114.76607156886324
2026-02-20 07:20:28,12.5,4.595185995623632,114.75539743029137
2026-02-20 07:20:43,12.5,4.595185995623632,114.7447232917195
2026-02-20 07:20:58,12.5,4.595185995623632,114.73404915314764
2026-02-20 07:21:13,12.5,4.595185995623632,114.72337501457577
2026-02-20 07:21:28,12.5,4.595185995623632,114.71270087600391
2026-02-20 07:21:43,12.5,4.595185995623632,114.70202673743204
2026-02-20 07:21:58,12.5,4.595185995623632,114.69135259886018
2026-02-20 07:22:13,12.5,4.595185995623632,114.6806784602883
2026-02-20 07:22:28,12.5,4.595185995623632,114.67000432171643
2026-02-20 07:22:43,12.5,4.595185995623632,114.65933018314458
2026-02-20 07:22:58,12.5,4.595185995623632,114.6486560445727
2026-02-20 07:23:13,12.5,4.595185995623632,114.63798190600085
2026-02-20 07:23:28,12.5,4.595185995623632,114.62730776742897
2026-02-20 07:23:43,12.5,4.595185995623632,114.61663362885712
2026-02-20 07:23:58,12.5,4.595185995623632,114.60595949028524
2026-02-20 07:24:13,12.5,4.595185995623632,114.59528535171339
2026-02-20 07:24:28,12.5,4.595185995623632,114.58461121314151
2026-02-20 07:24:43,12.5,4.595185995623632,114.57393707456964
2026-02-20 07:24:58,12.5,4.595185995623632,114.56326293599778
2026-02-20 07:25:13,12.5,4.595185995623632,114.55258879742591
2026-02-20 07:25:28,12.5,4.595185995623632,114.54191465885405
2026-02-20 07:25:43,12.5,4.595185995623632,114.53124052028218
2026-02-20 07:25:58,12.5,4.595185995623632,114.52056638171032
2026-02-20 07:26:13,12.5,4.595185995623632,114.50989224313845
2026-02-20 07:26:28,12.5,4.595185995623632,114.49921810456658
2026-02-20 07:26:43,12.5,4.595185995623632,114.48854396599472
2026-02-20 07:26:58,12.5,4.595185995623632,114.47786982742285
2026-02-20 07:27:13,12.5,4.595185995623632,114.46719568885099
2026-02-20 07:27:28,12.5,4.595185995623632,114.45652155027912
2026-02-20 07:27:43,12.5,4.595185995623632,114.44584741170726
2026-02-20 07:27:58,12.5,4.595185995623632,114.43517327313539
2026-02-20 07:28:13,12.5,4.595185995623632,114.42449913456353
2026-02-20 07:28:28,12.5,4.595185995623632,114.41382499599166
2026-02-20 07:28:43,12.5,4.595185995623632,114.40315085741979
2026-02-20 07:28:58,12.5,4.595185995623632,114.39247671884793
2026-02-20 07:29:13,12.5,4.595185995623632,114.38180258027606
2026-02-20 07:29:28,12.5,4.595185995623632,114.3711284417042
2026-02-20 07:29:43,12.5,4.595185995623632,114.36045430313233
2026-02-20 07:29:58,12.5,4.595185995623632,114.34978016456047
2026-02-20 07:30:13,12.5,4.595185995623632,114.3391060259886
2026-02-20 07:30:28,12.5,4.595185995623632,114.32843188741673
2026-02-20 07:30:43,12.5,4.595185995623632,114.31775774884487
2026-02-20 07:30:58,12.5,4.595185995623632,114.307083610273
2026-02-20 07:31:13,12.5,4.595185995623632,114.29640947170114
2026-02-20 07:31:28,12.5,4.595185995623632,114.28573533312927
2026-02-20 07:31:43,12.5,4.595185995623632,114.27506119455741
2026-02-20 07:31:58,12.5,4.595185995623632,114.26438705598554
2026-02-20 07:32:13,12.5,4.595185995623632,114.25371291741368
2026-02-20 07:32:28,12.5,4.595185995623632,114.24303877884181
2026-02-20 07:32:43,12.5,4.595185995623632,114.23236464026994
2026-02-20 07:32:58,12.5,4.595185995623632,114.22169050169808
2026-02-20 07:33:13,12.5,4.595185995623632,114.2110163631262
2026-02-20 07:33:28,12.5,4.595185995623632,114.20034222455435
2026-02-20 07:33:43,12.5,4.595185995623632,114.18966808598248
2026-02-20 07:33:58,12.5,4.595185995623632,114.17899394741062
2026-02-20 07:34:13,12.5,4.595185995623632,114.16831980883875
2026-02-20 07:34:28,12.5,4.595185995623632,114.15764567026687
2026-02-20 07:34:43,12.5,4.595185995623632,114.14697153169502
2026-02-20 07:34:58,12.5,4.595185995623632,114.13629739312314
2026-02-20 07:35:13,12.5,4.595185995623632,114.12562325455129
2026-02-20 07:35:28,12.5,4.595185995623632,114.11494911597941
2026-02-20 07:35:43,12.5,4.595185995623632,114.10427497740756
2026-02-20 07:35:58,12.5,4.595185995623632,114.09360083883568
2026-02-20 07:36:13,12.5,4.595185995623632,114.08292670026381
2026-02-20 07:36:28,12.5,4.595185995623632,114.07225256169195
2026-02-20 07:36:43,12.5,4.595185995623632,114.06157842312008
2026-02-20 07:36:58,12.5,4.595185995623632,114.05090428454822
2026-02-20 07:37:13,12.5,4.595185995623632,114.04023014597635
2026-02-20 07:37:28,12.5,4.595185995623632,114.0295560074045
2026-02-20 07:37:43,12.5,4.595185995623632,114.01888186883262
2026-02-20 07:37:58,12.5,4.595185995623632,114.00820773026076
2026-02-20 07:38:13,12.5,4.635761589403973,113.99753359168889
2026-02-20 07:38:28,12.5,4.635761589403973,113.98685945311702
2026-02-20 07:38:43,12.5,4.635761589403973,113.97618531454516
2026-02-20 07:38:58,12.5,4.635761589403973,113.96551117597329
2026-02-20 07:39:13,12.5,4.635761589403973,113.95483703740143
2026-02-20 07:39:28,12.5,4.635761589403973,113.94416289882956
2026-02-20 07:39:43,12.5,4.635761589403973,113.9334887602577
2026-02-20 07:39:58,12.5,4.635761589403973,113.92281462168583
2026-02-20 07:40:13,12.5,4.635761589403973,113.91214048311397
2026-02-20 07:40:28,12.5,4.635761589403973,113.9014663445421
2026-02-20 07:40:43,12.5,4.635761589403973,113.89079220597023
2026-02-20 07:40:58,12.5,4.635761589403973,113.88011806739837
2026-02-20 07:41:13,12.5,4.635761589403973,113.8694439288265
2026-02-20 07:41:28,12.5,4.635761589403973,113.85876979025464
2026-02-20 07:41:43,12.5,4.635761589403973,113.84809565168277
2026-02-20 07:41:58,12.5,4.635761589403973,113.83742151311091
2026-02-20 07:42:13,12.5,4.635761589403973,113.82674737453904
2026-02-20 07:42:28,12.5,4.635761589403973,113.81607323596717
2026-02-20 07:42:43,12.5,4.635761589403973,113.80539909739531
2026-02-20 07:42:58,12.5,4.635761589403973,113.79472495882344
2026-02-20 07:43:13,12.5,4.635761589403973,113.78405082025158
2026-02-20 07:43:28,12.5,4.635761589403973,113.77337668167971
2026-02-20 07:43:43,12.5,4.635761589403973,113.76270254310785
2026-02-20 07:43:58,12.5,4.635761589403973,113.75202840453598
2026-02-20 07:44:13,12.5,4.635761589403973,113.7413542659641
2026-02-20 07:44:28,12.5,4.635761589403973,113.73068012739225
2026-02-20 07:44:43,12.5,4.635761589403973,113.72000598882038
2026-02-20 07:44:58,12.5,4.635761589403973,113.70933185024852
2026-02-20 07:45:13,12.5,4.635761589403973,113.69865771167665
2026-02-20 07:45:28,12.5,4.635761589403973,113.68798357310479
2026-02-20 07:45:43,12.5,4.635761589403973,113.67730943453292
2026-02-20 07:45:58,12.5,4.635761589403973,113.66663529596106
2026-02-20 07:46:13,12.5,4.635761589403973,113.65596115738919
2026-02-20 07:46:28,12.5,4.635761589403973,113.64528701881731
2026-02-20 07:46:43,12.5,4.635761589403973,113.63461288024546
2026-02-20 07:46:58,12.5,4.635761589403973,113.62393874167358
2026-02-20 07:47:13,12.5,4.635761589403973,113.61326460310173
2026-02-20 07:47:28,12.5,4.635761589403973,113.60259046452985
2026-02-20 07:47:43,12.5,4.635761589403973,113.591916325958
2026-02-20 07:47:58,12.5,4.635761589403973,113.58124218738612
2026-02-20 07:48:13,12.5,4.635761589403973,113.57056804881427
2026-02-20 07:48:28,12.5,4.635761589403973,113.5598939102424
2026-02-20 07:48:43,12.5,4.635761589403973,113.54921977167052
2026-02-20 07:48:58,12.5,4.635761589403973,113.53854563309866
2026-02-20 07:49:13,12.5,4.635761589403973,113.52787149452679
2026-02-20 07:49:28,12.5,4.635761589403973,113.51719735595493
2026-02-20 07:49:43,12.5,4.635761589403973,113.50652321738306
2026-02-20 07:49:58,12.5,4.635761589403973,113.4958490788112
2026-02-20 07:50:13,12.5,4.635761589403973,113.48517494023933
2026-02-20 07:50:28,12.5,4.635761589403973,113.47450080166746
2026-02-20 07:50:43,12.5,4.635761589403973,113.4638266630956
2026-02-20 07:50:58,12.5,4.635761589403973,113.45315252452373
2026-02-20 07:51:13,12.5,4.635761589403973,113.44247838595187
2026-02-20 07:51:28,12.5,4.635761589403973,113.43180424738
2026-02-20 07:51:43,12.5,4.635761589403973,113.42113010880814
2026-02-20 07:51:58,12.5,4.635761589403973,113.41045597023627
2026-02-20 07:52:13,12.5,4.635761589403973,113.3997818316644
2026-02-20 07:52:28,12.5,4.635761589403973,113.38910769309254
2026-02-20 07:52:43,12.5,4.635761589403973,113.37843355452067
2026-02-20 07:52:58,12.5,4.635761589403973,113.36775941594881
2026-02-20 07:53:13,12.5,4.635761589403973,113.35708527737694
2026-02-20 07:53:28,12.5,4.635761589403973,113.34641113880508
2026-02-20 07:53:43,12.5,4.635761589403973,113.33573700023321
2026-02-20 07:53:58,12.5,4.635761589403973,113.32506286166135
2026-02-20 07:54:13,12.5,4.635761589403973,113.31438872308948
2026-02-20 07:54:28,12.5,4.635761589403973,113.3037145845176
2026-02-20 07:54:43,12.5,4.635761589403973,113.29304044594575
2026-02-20 07:54:58,12.5,4.635761589403973,113.28236630737388
2026-02-20 07:55:13,12.5,4.635761589403973,113.27169216880202
2026-02-20 07:55:28,12.5,4.635761589403973,113.26101803023015
2026-02-20 07:55:43,12.5,4.635761589403973,113.25034389165829
2026-02-20 07:55:58,12.5,4.635761589403973,113.23966975308642
2026-02-20 07:56:13,12.5,4.635761589403973,113.22899561451456
2026-02-20 07:56:28,12.5,4.635761589403973,113.21832147594269
2026-02-20 07:56:43,12.5,4.635761589403973,113.20764733737082
2026-02-20 07:56:58,12.5,4.635761589403973,113.19697319879896
2026-02-20 07:57:13,12.5,4.635761589403973,113.18629906022709
2026-02-20 07:57:28,12.5,4.635761589403973,113.17562492165523
2026-02-20 07:57:43,12.5,4.635761589403973,113.16495078308336
2026-02-20 07:57:58,12.5,4.635761589403973,113.1542766445115
2026-02-20 07:58:13,12.5,4.635761589403973,113.14360250593963
2026-02-20 07:58:28,12.5,4.635761589403973,113.13292836736775
2026-02-20 07:58:43,12.5,4.635761589403973,113.1222542287959
2026-02-20 07:58:58,12.5,4.635761589403973,113.11158009022402
2026-02-20 07:59:13,12.5,4.635761589403973,113.10090595165217
2026-02-20 07:59:28,12.5,4.635761589403973,113.0902318130803
2026-02-20 07:59:43,12.5,4.635761589403973,113.07955767450844
2026-02-20 07:59:58,12.5,4.635761589403973,113.06888353593656
2026-02-20 08:00:13,12.5,4.67706013363029,112.87233851410934
2026-02-20 08:00:28,12.5,4.67706013363029,112.64719797178131
2026-02-20 08:00:43,12.5,4.67706013363029,112.42205742945326
2026-02-20 08:00:58,12.5,4.67706013363029,112.19691688712521
2026-02-20 08:01:13,12.5,4.719101123595506,111.97177634479718
2026-02-20 08:01:28,12.5,4.719101123595506,111.74663580246913
2026-02-20 08:01:43,12.5,4.719101123595506,111.5214952601411
2026-02-20 08:01:58,12.5,4.719101123595506,111.29635471781305
2026-02-20 08:02:13,12.5,4.719101123595506,111.07121417548501
2026-02-20 08:02:28,12.5,4.761904761904762,110.84607363315696
2026-02-20 08:02:43,12.5,4.761904761904762,110.62093309082893
2026-02-20 08:02:58,12.5,4.761904761904762,110.39579254850088
2026-02-20 08:03:13,12.5,4.761904761904762,110.17065200617284
2026-02-20 08:03:28,12.5,4.805491990846682,109.9455114638448
2026-02-20 08:03:43,12.5,4.805491990846682,109.72037092151675
2026-02-20 08:03:58,12.5,4.805491990846682,109.49523037918871
2026-02-20 08:04:13,12.5,4.805491990846682,109.27008983686066
2026-02-20 08:04:28,12.5,4.805491990846682,109.04494929453263
2026-02-20 08:04:43,12.5,4.849884526558892,108.81980875220458
2026-02-20 08:04:58,12.5,4.849884526558892,108.59466820987655
2026-02-20 08:05:13,12.5,4.849884526558892,108.3695276675485
2026-02-20 08:05:28,12.5,4.849884526558892,108.14438712522046
2026-02-20 08:05:43,12.5,4.895104895104895,107.91924658289241
2026-02-20 08:05:58,12.5,4.895104895104895,107.69410604056438
2026-02-20 08:06:13,12.5,4.895104895104895,107.46896549823633
2026-02-20 08:06:28,12.5,4.895104895104895,107.24382495590828
2026-02-20 08:06:43,12.5,4.895104895104895,107.01868441358025
2026-02-20 08:06:58,12.5,4.941176470588235,106.7935438712522
2026-02-20 08:07:13,12.5,4.941176470588235,106.56840332892416
2026-02-20 08:07:28,12.5,4.941176470588235,106.34326278659611
2026-02-20 08:07:43,12.5,4.941176470588235,106.11812224426808
2026-02-20 08:07:58,12.5,4.98812351543943,105.89298170194003
2026-02-20 08:08:13,12.5,4.98812351543943,105.667841159612
2026-02-20 08:08:28,12.5,4.98812351543943,105.44270061728395
2026-02-20 08:08:43,12.5,4.98812351543943,105.21756007495591
2026-02-20 08:08:58,12.5,5.0359712230215825,104.99241953262786
2026-02-20 08:09:13,12.5,5.0359712230215825,104.76727899029981
2026-02-20 08:09:28,12.5,5.0359712230215825,104.54213844797178
2026-02-20 08:09:43,12.5,5.0359712230215825,104.31699790564375
2026-02-20 08:09:58,12.5,5.0359712230215825,104.0918573633157
2026-02-20 08:10:13,12.5,5.084745762711865,103.86671682098765
2026-02-20 08:10:28,12.5,5.084745762711865,103.64157627865961
2026-02-20 08:10:43,12.5,5.084745762711865,103.41643573633156
2026-02-20 08:10:58,12.5,5.084745762711865,103.19129519400353
2026-02-20 08:11:13,12.5,5.134474327628362,102.96615465167548
2026-02-20 08:11:28,12.5,5.134474327628362,102.74101410934745
2026-02-20 08:11:43,12.5,5.134474327628362,102.5158735670194
2026-02-20 08:11:58,12.5,5.134474327628362,102.29073302469136
2026-02-20 08:12:13,12.5,5.134474327628362,102.06559248236331
2026-02-20 08:12:28,12.5,5.185185185185185,101.84045194003528
2026-02-20 08:12:43,12.5,5.185185185185185,101.61531139770723
2026-02-20 08:12:58,12.5,5.185185185185185,101.39017085537918
2026-02-20 08:13:13,12.5,5.185185185185185,101.16503031305115
2026-02-20 08:13:28,12.5,5.236907730673317,100.9398897707231
2026-02-20 08:13:43,12.5,5.236907730673317,100.71474922839506
2026-02-20 08:13:58,12.5,5.236907730673317,100.48960868606702
2026-02-20 08:14:13,12.5,5.236907730673317,100.26446814373898
2026-02-20 08:14:28,12.5,5.236907730673317,100.03932760141093
2026-02-20 08:14:43,12.5,5.289672544080604,99.8141870590829
2026-02-20 08:14:58,12.5,5.289672544080604,99.58904651675485
2026-02-20 08:15:13,12.5,5.289672544080604,99.36390597442681
2026-02-20 08:15:28,12.5,5.289672544080604,99.13876543209877
2026-02-20 08:15:43,12.5,5.343511450381679,98.91362488977072
2026-02-20 08:15:58,12.5,5.343511450381679,98.68848434744268
2026-02-20 08:16:13,12.5,5.343511450381679,98.46334380511463
2026-02-20 08:16:28,12.5,5.343511450381679,98.2382032627866
2026-02-20 08:16:43,12.5,5.343511450381679,98.01306272045855
2026-02-20 08:16:58,12.5,5.3984575835475574,97.78792217813051
2026-02-20 08:17:13,12.5,5.3984575835475574,97.56278163580247
2026-02-20 08:17:28,12.5,5.3984575835475574,97.33764109347443
2026-02-20 08:17:43,12.5,5.3984575835475574,97.11250055114638
2026-02-20 08:17:58,12.5,5.454545454545454,96.88736000881835
2026-02-20 08:18:13,12.5,5.454545454545454,96.6622194664903
2026-02-20 08:18:28,12.5,5.454545454545454,96.43707892416225
2026-02-20 08:18:43,12.5,5.454545454545454,96.21193838183422
2026-02-20 08:18:58,12.5,5.511811023622047,95.98679783950617
2026-02-20 08:19:13,12.5,5.511811023622047,95.76165729717813
2026-02-20 08:19:28,12.5,5.511811023622047,95.53651675485008
2026-02-20 08:19:43,12.5,5.511811023622047,95.31137621252205
2026-02-20 08:19:58,12.5,5.511811023622047,95.086235670194
2026-02-20 08:20:13,12.5,5.570291777188329,94.86109512786595
2026-02-20 08:20:28,12.5,5.570291777188329,94.63595458553792
2026-02-20 08:20:43,12.5,5.570291777188329,94.41081404320988
2026-02-20 08:20:58,12.5,5.570291777188329,94.18567350088183
2026-02-20 08:21:13,12.5,5.630026809651475,93.96053295855378
2026-02-20 08:21:28,12.5,5.630026809651475,93.73539241622575
2026-02-20 08:21:43,12.5,5.630026809651475,93.5102518738977
2026-02-20 08:21:58,12.5,5.630026809651475,93.28511133156967
2026-02-20 08:22:13,12.5,5.630026809651475,93.05997078924162
2026-02-20 08:22:28,12.5,5.691056910569105,92.83483024691358
2026-02-20 08:22:43,12.5,5.691056910569105,92.60968970458553
2026-02-20 08:22:58,12.5,5.691056910569105,92.3845491622575
2026-02-20 08:23:13,12.5,5.691056910569105,92.15940861992945
2026-02-20 08:23:28,12.5,5.7534246575342465,91.93426807760142
2026-02-20 08:23:43,12.5,5.7534246575342465,91.70912753527337
2026-02-20 08:23:58,12.5,5.7534246575342465,91.48398699294532
2026-02-20 08:24:13,12.5,5.7534246575342465,91.25884645061728
2026-02-20 08:24:28,12.5,5.7534246575342465,91.03370590828924
2026-02-20 08:24:43,12.5,5.8171745152354575,90.8085653659612
2026-02-20 08:24:58,12.5,5.8171745152354575,90.58342482363315
2026-02-20 08:25:13,12.5,5.8171745152354575,90.35828428130512
2026-02-20 08:25:28,12.5,5.8171745152354575,90.13314373897707
2026-02-20 08:25:43,12.5,5.88235294117647,89.90800319664903
2026-02-20 08:25:58,12.5,5.88235294117647,89.68286265432099
2026-02-20 08:26:13,12.5,5.88235294117647,89.45772211199295
2026-02-20 08:26:28,12.5,5.88235294117647,89.2325815696649
2026-02-20 08:26:43,12.5,5.88235294117647,89.00744102733685
2026-02-20 08:26:58,12.5,5.94900849858357,88.78230048500882
2026-02-20 08:27:13,12.5,5.94900849858357,88.55715994268078
2026-02-20 08:27:28,12.5,5.94900849858357,88.33201940035273
2026-02-20 08:27:43,12.5,5.94900849858357,88.10687885802469
2026-02-20 08:27:58,12.5,6.017191977077363,87.88173831569665
2026-02-20 08:28:13,12.5,6.017191977077363,87.6565977733686
2026-02-20 08:28:28,12.5,6.017191977077363,87.43145723104057
2026-02-20 08:28:43,12.5,6.017191977077363,87.20631668871252
2026-02-20 08:28:58,12.5,6.086956521739131,86.98117614638448
2026-02-20 08:29:13,12.5,6.086956521739131,86.75603560405644
2026-02-20 08:29:28,12.5,6.086956521739131,86.53089506172839
2026-02-20 08:29:43,12.5,6.086956521739131,86.30575451940035
2026-02-20 08:29:58,12.5,6.086956521739131,86.08061397707232
2026-02-20 08:30:13,12.5,6.158357771260997,85.85547343474427
2026-02-20 08:30:28,12.5,6.158357771260997,85.63033289241622
2026-02-20 08:30:43,12.5,6.158357771260997,85.40519235008819
2026-02-20 08:30:58,12.5,6.158357771260997,85.18005180776014
2026-02-20 08:31:13,12.5,6.231454005934718,84.9549112654321
2026-02-20 08:31:28,12.5,6.231454005934718,84.72977072310405
2026-02-20 08:31:43,12.5,6.231454005934718,84.50463018077602
2026-02-20 08:31:58,12.5,6.231454005934718,84.27948963844797
2026-02-20 08:32:13,12.5,6.231454005934718,84.05434909611992
2026-02-20 08:32:28,12.5,6.306306306306306,83.82920855379189
2026-02-20 08:32:43,12.5,6.306306306306306,83.60406801146385
2026-02-20 08:32:58,12.5,6.006006006006006,83.3789274691358
2026-02-20 08:33:13,12.5,5.7057057057057055,83.15378692680775
2026-02-20 08:33:28,12.5,4.86322188449848,82.92864638447972
2026-02-20 08:33:43,12.5,4.5592705167173255,82.70350584215167
2026-02-20 08:33:58,12.5,4.25531914893617,82.47836529982364
2026-02-20 08:34:13,12.5,3.951367781155015,82.25322475749559
2026-02-20 08:34:28,12.5,3.64741641337386,82.02808421516755
2026-02-20 08:34:43,12.5,2.769230769230769,81.8029436728395
2026-02-20 08:34:58,12.5,2.4615384615384617,81.57780313051146
2026-02-20 08:35:13,12.5,2.1538461538461537,81.35266258818342
2026-02-20 08:35:28,12.5,1.8461538461538463,81.12752204585539
2026-02-20 08:35:43,12.5,0.9345794392523363,80.90238150352734
2026-02-20 08:35:58,12.5,0.6230529595015576,80.67724096119929
2026-02-20 08:36:13,12.5,0.3115264797507788,80.45210041887125
2026-02-20 08:36:28,12.5,0.0,80.22695987654322
2026-02-20 08:36:43,12.5,0.0,80.00181933421516
2026-02-20 08:36:58,12.5,0.0,79.77667879188712
2026-02-20 08:37:13,12.5,0.0,79.55153824955909
2026-02-20 08:37:28,12.5,0.0,79.32639770723104
2026-02-20 08:37:43,12.5,0.0,79.10125716490299
2026-02-20 08:37:58,12.5,0.0,78.87611662257495
2026-02-20 08:38:13,12.5,0.0,78.65097608024692
2026-02-20 08:38:28,12.5,0.0,78.42583553791887
2026-02-20 08:38:43,12.5,0.0,78.20069499559082
2026-02-20 08:38:58,12.5,0.0,77.97555445326279
2026-02-20 08:39:13,12.5,0.0,77.75041391093475
2026-02-20 08:39:28,12.5,0.0,77.52527336860669
2026-02-20 08:39:43,12.5,0.0,77.30013282627866
2026-02-20 08:39:58,12.5,0.0,77.07499228395062
2026-02-20 08:40:13,12.5,0.0,76.84985174162257
2026-02-20 08:40:28,12.5,0.0,76.62471119929452
2026-02-20 08:40:43,12.5,0.0,76.39957065696649
2026-02-20 08:40:58,12.5,0.0,76.17443011463845
2026-02-20 08:41:13,12.5,0.0,75.9492895723104
2026-02-20 08:41:28,12.5,0.0,75.72414902998236
2026-02-20 08:41:43,12.5,0.0,75.49900848765432
2026-02-20 08:41:58,12.5,0.0,75.27386794532629
2026-02-20 08:42:13,12.5,0.0,75.04872740299824
2026-02-20 08:42:28,12.5,0.0,74.82358686067019
2026-02-20 08:42:43,12.5,0.0,74.59844631834216
2026-02-20 08:42:58,12.5,0.0,74.3733057760141
2026-02-20 08:43:13,12.5,0.0,74.14816523368606
2026-02-20 08:43:28,12.5,0.0,73.92302469135802
2026-02-20 08:43:43,12.5,0.0,73.69788414902999
2026-02-20 08:43:58,12.5,0.0,73.47274360670194
2026-02-20 08:44:13,12.5,0.0,73.24760306437389
2026-02-20 08:44:28,12.5,0.0,73.02246252204586
2026-02-20 08:44:43,12.5,0.0,72.79732197971782
2026-02-20 08:44:58,12.5,0.0,72.57218143738977
2026-02-20 08:45:13,12.5,0.0,72.34704089506172
2026-02-20 08:45:28,12.5,0.0,72.12190035273369
2026-02-20 08:45:43,12.5,0.0,71.89675981040564
2026-02-20 08:45:58,12.5,0.0,71.67161926807759
2026-02-20 08:46:13,12.5,0.0,71.44647872574956
2026-02-20 08:46:28,12.5,0.0,71.22133818342152
2026-02-20 08:46:43,12.5,0.0,70.99619764109347
2026-02-20 08:46:58,12.5,0.0,70.77105709876543
2026-02-20 08:47:13,12.5,0.0,70.54591655643739
2026-02-20 08:47:28,12.5,0.0,70.32077601410936
2026-02-20 08:47:43,12.5,0.0,70.0956354717813
2026-02-20 08:47:58,12.5,0.0,69.87049492945326
2026-02-20 08:48:13,12.5,0.0,69.64535438712522
2026-02-20 08:48:28,12.5,0.0,69.42021384479717
2026-02-20 08:48:43,12.5,0.0,69.19507330246913
2026-02-20 08:48:58,12.5,0.0,68.96993276014109
2026-02-20 08:49:13,12.5,0.0,68.74479221781306
2026-02-20 08:49:28,12.5,0.0,68.51965167548501
2026-02-20 08:49:43,12.5,0.0,68.29451113315696
2026-02-20 08:49:58,12.5,0.0,68.06937059082892
2026-02-20 08:50:13,12.5,0.0,67.84423004850089
2026-02-20 08:50:28,12.5,0.0,67.61908950617284
2026-02-20 08:50:43,12.5,0.0,67.39394896384479
2026-02-20 08:50:58,12.5,0.0,67.16880842151676
2026-02-20 08:51:13,12.5,0.0,66.94366787918871
2026-02-20 08:51:28,12.5,0.0,66.71852733686066
2026-02-20 08:51:43,12.5,0.0,66.49338679453263
2026-02-20 08:51:58,12.5,0.0,66.26824625220459
2026-02-20 08:52:13,12.5,0.0,66.04310570987654
2026-02-20 08:52:28,12.5,0.0,65.8179651675485
2026-02-20 08:52:43,12.5,0.0,65.59282462522046
2026-02-20 08:52:58,12.5,0.0,65.36768408289242
2026-02-20 08:53:13,12.5,0.0,65.14254354056438
2026-02-20 08:53:28,12.5,0.0,64.91740299823633
2026-02-20 08:53:43,12.5,0.0,64.69226245590829
2026-02-20 08:53:58,12.5,0.0,64.46712191358024
2026-02-20 08:54:13,12.5,0.0,64.2419813712522
2026-02-20 08:54:28,12.5,0.0,64.01684082892416
2026-02-20 08:54:43,12.5,0.0,63.79170028659612
2026-02-20 08:54:58,12.5,0.0,63.566559744268076
2026-02-20 08:55:13,12.5,0.0,63.341419201940035
2026-02-20 08:55:28,12.5,0.0,63.11627865961199
2026-02-20 08:55:43,12.5,0.0,62.89113811728395
2026-02-20 08:55:58,12.5,0.0,62.66599757495591
2026-02-20 08:56:13,12.5,0.0,62.44085703262787
2026-02-20 08:56:28,12.5,0.0,62.215716490299826
2026-02-20 08:56:43,12.5,0.0,61.99057594797178
2026-02-20 08:56:58,12.5,0.0,61.765435405643736
2026-02-20 08:57:13,12.5,0.0,61.540294863315694
2026-02-20 08:57:28,12.5,0.0,61.31515432098765
2026-02-20 08:57:43,12.5,0.0,61.09001377865961
2026-02-20 08:57:58,12.5,0.0,60.86487323633157
2026-02-20 08:58:13,12.5,0.0,60.63973269400353
2026-02-20 08:58:28,12.5,0.0,60.414592151675485
2026-02-20 08:58:43,12.5,0.0,60.189451609347444
2026-02-20 08:58:58,12.5,0.0,59.9643110670194
2026-02-20 08:59:13,12.5,0.0,59.73917052469136
2026-02-20 08:59:28,12.5,0.0,59.51402998236331
2026-02-20 08:59:43,12.5,0.0,59.28888944003527
2026-02-20 08:59:58,12.5,0.0,59.06374889770723
2026-02-20 09:00:13,12.5,0.0,58.838608355379186
2026-02-20 09:00:28,12.5,0.0,58.613467813051145
2026-02-20 09:00:43,12.5,0.0,58.3883272707231
2026-02-20 09:00:58,12.5,0.0,58.16318672839506
2026-02-20 09:01:13,12.5,0.0,57.93804618606702
2026-02-20 09:01:28,12.5,0.0,57.71290564373898
2026-02-20 09:01:43,12.5,0.0,57.487765101410936
2026-02-20 09:01:58,12.5,0.0,57.262624559082894
2026-02-20 09:02:13,12.5,0.0,57.037484016754846
2026-02-20 09:02:28,12.5,0.0,56.812343474426804
2026-02-20 09:02:43,12.5,0.0,56.58720293209876
2026-02-20 09:02:58,12.5,0.0,56.36206238977072
2026-02-20 09:03:13,12.5,0.0,56.13692184744268
2026-02-20 09:03:28,12.5,0.0,55.91178130511464
2026-02-20 09:03:43,12.5,0.0,55.686640762786595
2026-02-20 09:03:58,12.5,0.0,55.461500220458554
2026-02-20 09:04:13,12.5,0.0,55.23635967813051
2026-02-20 09:04:28,12.5,0.0,55.01121913580247
2026-02-20 09:04:43,12.5,0.0,54.78607859347443
2026-02-20 09:04:58,12.5,0.0,54.56093805114639
2026-02-20 09:05:13,12.5,0.0,54.33579750881834
2026-02-20 09:05:28,12.5,0.0,54.110656966490296
2026-02-20 09:05:43,12.5,0.0,53.885516424162255
2026-02-20 09:05:58,12.5,0.0,53.66037588183421
2026-02-20 09:06:13,12.5,0.0,53.43523533950617
2026-02-20 09:06:28,12.5,0.0,53.21009479717813
2026-02-20 09:06:43,12.5,0.0,52.98495425485009
2026-02-20 09:06:58,12.5,0.0,52.759813712522046
2026-02-20 09:07:13,12.5,0.0,52.534673170194004
2026-02-20 09:07:28,12.5,0.0,52.30953262786596
2026-02-20 09:07:43,12.5,0.0,52.08439208553792
2026-02-20 09:07:58,12.5,0.0,51.85925154320987
2026-02-20 09:08:13,12.5,0.0,51.63411100088183
2026-02-20 09:08:28,12.5,0.0,51.40897045855379
2026-02-20 09:08:43,12.5,0.0,51.18382991622575
2026-02-20 09:08:58,12.5,0.0,50.958689373897705
2026-02-20 09:09:13,12.5,0.0,50.733548831569664
2026-02-20 09:09:28,12.5,0.0,50.50840828924162
2026-02-20 09:09:43,12.5,0.0,50.28326774691358
2026-02-20 09:09:58,12.5,0.0,50.05812720458554
2026-02-20 09:10:13,12.5,0.0,49.8329866622575
2026-02-20 09:10:28,12.5,0.0,49.607846119929455
2026-02-20 09:10:43,12.5,0.0,49.382705577601406
2026-02-20 09:10:58,12.5,0.0,49.157565035273365
2026-02-20 09:11:13,12.5,0.0,48.93242449294533
2026-02-20 09:11:28,12.5,0.0,48.70728395061728
2026-02-20 09:11:43,12.5,0.0,48.48214340828925
2026-02-20 09:11:58,12.5,0.0,48.2570028659612
2026-02-20 09:12:13,12.5,0.0,48.03186232363315
2026-02-20 09:12:28,12.5,0.0,47.806721781305114
2026-02-20 09:12:43,12.5,0.0,47.581581238977066
2026-02-20 09:12:58,12.5,0.0,47.35644069664903
2026-02-20 09:13:13,12.5,0.0,47.13130015432098
2026-02-20 09:13:28,12.5,0.0,46.90615961199295
2026-02-20 09:13:43,12.5,0.0,46.6810190696649
2026-02-20 09:13:58,12.5,0.0,46.455878527336864
2026-02-20 09:14:13,12.5,0.0,46.230737985008815
2026-02-20 09:14:28,12.5,0.0,46.00559744268078
2026-02-20 09:14:43,12.5,0.0,45.78045690035273
2026-02-20 09:14:58,12.5,0.0,45.5553163580247
2026-02-20 09:15:13,12.5,0.0,45.33017581569665
2026-02-20 09:15:28,12.5,0.0,45.1050352733686
2026-02-20 09:15:43,12.5,0.0,44.879894731040565
2026-02-20 09:15:58,12.5,0.0,44.654754188712516
2026-02-20 09:16:13,12.5,0.0,44.42961364638448
2026-02-20 09:16:28,12.5,0.0,44.20447310405643
2026-02-20 09:16:43,12.5,0.0,43.9793325617284
2026-02-20 09:16:58,12.5,0.0,43.75419201940035
2026-02-20 09:17:13,12.5,0.0,43.529051477072315
2026-02-20 09:17:28,12.5,0.0,43.303910934744266
2026-02-20 09:17:43,12.5,0.0,43.07877039241623
2026-02-20 09:17:58,12.5,0.0,42.85362985008818
2026-02-20 09:18:13,12.5,0.0,42.628489307760134
2026-02-20 09:18:28,12.5,0.0,42.4033487654321
2026-02-20 09:18:43,12.5,0.0,42.17820822310405
2026-02-20 09:18:58,12.5,0.0,41.953067680776016
2026-02-20 09:19:13,12.5,0.0,41.72792713844797
2026-02-20 09:19:28,12.5,0.0,41.50278659611993
2026-02-20 09:19:43,12.5,0.0,41.277646053791884
2026-02-20 09:19:58,12.5,0.0,41.05250551146385
2026-02-20 09:20:13,12.5,0.0,40.8273649691358
2026-02-20 09:20:28,12.5,0.0,40.602224426807766
2026-02-20 09:20:43,12.5,0.0,40.37708388447972
2026-02-20 09:20:58,12.5,0.0,40.15194334215167
2026-02-20 09:21:13,12.5,0.0,39.92680279982363
2026-02-20 09:21:28,12.5,0.0,39.701662257495585
2026-02-20 09:21:43,12.5,0.0,39.47652171516755
2026-02-20 09:21:58,12.5,0.0,39.2513811728395
2026-02-20 09:22:13,12.5,0.0,39.02624063051147
2026-02-20 09:22:28,12.5,0.0,38.80110008818342
2026-02-20 09:22:43,12.5,0.0,38.57595954585538
2026-02-20 09:22:58,12.5,0.0,38.350819003527334
2026-02-20 09:23:13,12.5,0.0,38.1256784611993
2026-02-20 09:23:28,12.5,0.0,37.90053791887125
2026-02-20 09:23:43,12.5,0.0,37.6753973765432
2026-02-20 09:23:58,12.5,0.0,37.45025683421517
2026-02-20 09:24:13,12.5,0.0,37.22511629188712
2026-02-20 09:24:28,12.5,0.0,36.999975749559084
2026-02-20 09:24:43,12.5,0.0,36.774835207231035
2026-02-20 09:24:58,12.5,0.0,36.549694664903
2026-02-20 09:25:13,12.5,0.0,36.32455412257495
2026-02-20 09:25:28,12.5,0.0,36.09941358024692
2026-02-20 09:25:43,12.5,0.0,35.87427303791887
2026-02-20 09:25:58,12.5,0.0,35.649132495590834
2026-02-20 09:26:13,12.5,0.0,35.423991953262785
2026-02-20 09:26:28,12.5,0.0,35.198851410934736
2026-02-20 09:26:43,12.5,0.0,34.9737108686067
2026-02-20 09:26:58,12.5,0.0,34.74857032627865
2026-02-20 09:27:13,12.5,0.0,34.52342978395062
2026-02-20 09:27:28,12.5,0.0,34.29828924162257
2026-02-20 09:27:43,12.5,0.0,34.073148699294535
2026-02-20 09:27:58,12.5,0.0,33.848008156966486
2026-02-20 09:28:13,12.5,0.0,33.62286761463845
2026-02-20 09:28:28,12.5,0.0,33.3977270723104
2026-02-20 09:28:43,12.5,0.0,33.17258652998237
2026-02-20 09:28:58,12.5,0.0,32.94744598765432
2026-02-20 09:29:13,12.5,0.0,32.72230544532627
2026-02-20 09:29:28,12.5,0.0,32.497164902998236
2026-02-20 09:29:43,12.5,0.0,32.27202436067019
2026-02-20 09:29:58,12.5,0.0,32.04688381834215
2026-02-20 09:30:13,12.5,0.0,31.821743276014104
2026-02-20 09:30:28,12.5,0.0,31.59660273368607
2026-02-20 09:30:43,12.5,0.0,31.37146219135802
2026-02-20 09:30:58,12.5,0.0,31.146321649029986
2026-02-20 09:31:13,12.5,0.0,30.921181106701937
2026-02-20 09:31:28,12.5,0.0,30.696040564373902
2026-02-20 09:31:43,12.5,0.0,30.470900022045853
2026-02-20 09:31:58,12.5,0.0,30.24575947971782
2026-02-20 09:32:13,12.5,0.0,30.02061893738977
2026-02-20 09:32:28,12.5,0.0,29.79547839506172
2026-02-20 09:32:43,12.5,0.0,29.570337852733687
2026-02-20 09:32:58,12.5,0.0,29.345197310405638
2026-02-20 09:33:13,12.5,0.0,29.120056768077603
2026-02-20 09:33:28,12.5,0.0,28.894916225749554
2026-02-20 09:33:43,12.5,0.0,28.66977568342152
2026-02-20 09:33:58,12.5,0.0,28.44463514109347
2026-02-20 09:34:13,12.5,0.0,28.219494598765436
2026-02-20 09:34:28,12.5,0.0,27.994354056437388
2026-02-20 09:34:43,12.5,0.0,27.769213514109353
2026-02-20 09:34:58,12.5,0.0,27.544072971781304
2026-02-20 09:35:13,12.5,0.0,27.318932429453255
2026-02-20 09:35:28,12.5,0.0,27.09379188712522
2026-02-20 09:35:43,12.5,0.0,26.868651344797172
2026-02-20 09:35:58,12.5,0.0,26.643510802469137
2026-02-20 09:36:13,12.5,0.0,26.41837026014109
2026-02-20 09:36:28,12.5,0.0,26.193229717813054
2026-02-20 09:36:43,12.5,0.0,25.968089175485005
2026-02-20 09:36:58,12.5,0.0,25.74294863315697
2026-02-20 09:37:13,12.5,0.0,25.51780809082892
2026-02-20 09:37:28,12.5,0.0,25.292667548500887
2026-02-20 09:37:43,12.5,0.0,25.06752700617284
2026-02-20 09:37:58,12.5,0.0,24.84238646384479
2026-02-20 09:38:13,12.5,0.0,24.617245921516755
2026-02-20 09:38:28,12.5,0.0,24.392105379188706
2026-02-20 09:38:43,12.5,0.0,24.16696483686067
2026-02-20 09:38:58,12.5,0.0,23.941824294532623
2026-02-20 09:39:13,12.5,0.0,23.716683752204588
2026-02-20 09:39:28,12.5,0.0,23.49154320987654
2026-02-20 09:39:43,12.5,0.0,23.266402667548505
2026-02-20 09:39:58,12.5,0.0,23.041262125220456
2026-02-20 09:40:13,12.5,0.0,22.81612158289242
2026-02-20 09:40:28,12.5,0.0,22.590981040564373
2026-02-20 09:40:43,12.5,0.0,22.365840498236324
2026-02-20 09:40:58,12.5,0.0,22.14069995590829
2026-02-20 09:41:13,12.5,0.0,21.91555941358024
2026-02-20 09:41:28,12.5,0.0,21.690418871252206
2026-02-20 09:41:43,12.5,0.0,21.465278328924157
2026-02-20 09:41:58,12.5,0.0,21.240137786596122
2026-02-20 09:42:13,12.5,0.0,21.014997244268073
2026-02-20 09:42:28,12.5,0.0,20.78985670194004
2026-02-20 09:42:43,12.5,0.0,20.56471615961199
2026-02-20 09:42:58,12.5,0.0,20.339575617283955
2026-02-20 09:43:13,12.5,0.0,20.114435074955907
2026-02-20 09:43:28,12.5,0.0,19.889294532627858
2026-02-20 09:43:43,12.5,0.0,19.664153990299823
2026-02-20 09:43:58,12.5,0.0,19.439013447971774
2026-02-20 09:44:13,12.5,0.0,19.21387290564374
2026-02-20 09:44:28,12.5,0.0,18.98873236331569
2026-02-20 09:44:43,12.5,0.0,18.763591820987656
2026-02-20 09:44:58,12.5,0.0,18.538451278659608
2026-02-20 09:45:13,12.5,0.0,18.313310736331573
2026-02-20 09:45:28,12.5,0.0,18.088170194003524
2026-02-20 09:45:43,12.5,0.0,17.86302965167549
2026-02-20 09:45:58,12.5,0.0,17.63788910934744
2026-02-20 09:46:13,12.5,0.0,17.412748567019406
2026-02-20 09:46:28,12.5,0.0,17.187608024691357
2026-02-20 09:46:43,12.5,0.0,16.96246748236331
2026-02-20 09:46:58,12.5,0.0,16.737326940035274
2026-02-20 09:47:13,12.5,0.0,16.512186397707225
2026-02-20 09:47:28,12.5,0.0,16.28704585537919
2026-02-20 09:47:43,12.5,0.0,16.06190531305114
2026-02-20 09:47:58,12.5,0.0,15.836764770723107
2026-02-20 09:48:13,12.5,0.0,15.611624228395058
2026-02-20 09:48:28,12.5,0.0,15.386483686067024
2026-02-20 09:48:43,12.5,0.0,15.161343143738975
2026-02-20 09:48:58,12.5,0.0,14.93620260141094
2026-02-20 09:49:13,12.5,0.0,14.711062059082892
2026-02-20 09:49:28,12.5,0.0,14.485921516754843
2026-02-20 09:49:43,12.5,0.0,14.260780974426808
2026-02-20 09:49:58,12.5,0.0,14.03564043209876
2026-02-20 09:50:13,12.5,0.0,13.810499889770725
2026-02-20 09:50:28,12.5,0.0,13.585359347442676
2026-02-20 09:50:43,12.5,0.0,13.360218805114641
2026-02-20 09:50:58,12.5,0.0,13.135078262786593
2026-02-20 09:51:13,12.5,0.0,12.909937720458558
2026-02-20 09:51:28,12.5,0.0,12.684797178130509
2026-02-20 09:51:43,12.5,0.0,12.459656635802475
2026-02-20 09:51:58,12.5,0.0,12.234516093474426
2026-02-20 09:52:13,12.5,0.0,12.009375551146377
2026-02-20 09:52:28,12.5,0.0,11.784235008818342
2026-02-20 09:52:43,12.5,0.0,11.559094466490293
2026-02-20 09:52:58,12.5,0.0,11.333953924162259
2026-02-20 09:53:13,12.5,0.0,11.10881338183421
2026-02-20 09:53:28,12.5,0.0,10.883672839506175
2026-02-20 09:53:43,12.5,0.0,10.658532297178127
2026-02-20 09:53:58,12.5,0.0,10.433391754850092
2026-02-20 09:54:13,12.5,0.0,10.208251212522043
2026-02-20 09:54:28,12.5,0.0,9.983110670194009
2026-02-20 09:54:43,12.5,0.0,9.75797012786596
2026-02-20 09:54:58,12.5,0.0,9.532829585537911
2026-02-20 09:55:13,12.5,0.0,9.307689043209876
2026-02-20 09:55:28,12.5,0.0,9.082548500881828
2026-02-20 09:55:43,12.5,0.0,8.857407958553793
2026-02-20 09:55:58,12.5,0.0,8.632267416225744
2026-02-20 09:56:13,12.5,0.0,8.40712687389771
2026-02-20 09:56:28,12.5,0.0,8.18198633156966
2026-02-20 09:56:43,12.5,0.0,7.956845789241626
2026-02-20 09:56:58,12.5,0.0,7.731705246913577
2026-02-20 09:57:13,12.5,0.0,7.506564704585543
2026-02-20 09:57:28,12.5,0.0,7.281424162257494
2026-02-20 09:57:43,12.5,0.0,7.056283619929445
2026-02-20 09:57:58,12.5,0.0,6.831143077601411
2026-02-20 09:58:13,12.5,0.0,6.606002535273362
2026-02-20 09:58:28,12.5,0.0,6.380861992945327
2026-02-20 09:58:43,12.5,0.0,6.155721450617278
2026-02-20 09:58:58,12.5,0.0,5.930580908289244
2026-02-20 09:59:13,12.5,0.0,5.705440365961195
2026-02-20 09:59:28,12.5,0.0,5.48029982363316
2026-02-20 09:59:43,12.5,0.0,5.255159281305112
2026-02-20 09:59:58,12.5,0.0,5.030018738977077
2026-02-20 10:00:13,12.5,0.0,5.0
2026-02-20 10:00:28,12.5,0.0,5.0
2026-02-20 10:00:43,12.5,0.0,5.0
2026-02-20 10:00:58,12.5,0.0,5.0
2026-02-20 10:01:13,12.5,0.0,5.0
2026-02-20 10:01:28,12.5,0.0,5.0
2026-02-20 10:01:43,12.5,0.0,5.0
2026-02-20 10:01:58,12.5,0.0,5.0
2026-02-20 10:02:13,12.5,0.0,5.0
2026-02-20 10:02:28,12.5,0.0,5.0
2026-02-20 10:02:43,12.5,0.0,5.0
2026-02-20 10:02:58,12.5,0.0,5.0
2026-02-20 10:03:13,12.5,0.0,5.0
2026-02-20 10:03:28,12.5,0.0,5.0
2026-02-20 10:03:43,12.5,0.0,5.0
2026-02-20 10:03:58,12.5,0.0,5.0
2026-02-20 10:04:13,12.5,0.0,5.0
2026-02-20 10:04:28,12.5,0.0,5.0
2026-02-20 10:04:43,12.5,0.0,5.0
2026-02-20 10:04:58,12.5,0.0,5.0
2026-02-20 10:05:13,12.5,0.0,5.0
2026-02-20 10:05:28,12.5,0.0,5.0
2026-02-20 10:05:43,12.5,0.0,5.0
2026-02-20 10:05:58,12.5,0.0,5.0
2026-02-20 10:06:13,12.5,0.0,5.0
2026-02-20 10:06:28,12.5,0.0,5.0
2026-02-20 10:06:43,12.5,0.0,5.0
2026-02-20 10:06:58,12.5,0.0,5.0
2026-02-20 10:07:13,12.5,0.0,5.0
2026-02-20 10:07:28,12.5,0.0,5.0
2026-02-20 10:07:43,12.5,0.0,5.0
2026-02-20 10:07:58,12.5,0.0,5.0
2026-02-20 10:08:13,12.5,0.0,5.0
2026-02-20 10:08:28,12.5,0.0,5.0
2026-02-20 10:08:43,12.5,0.0,5.0
2026-02-20 10:08:58,12.5,0.0,5.0
2026-02-20 10:09:13,12.5,0.0,5.0
2026-02-20 10:09:28,12.5,0.0,5.0
2026-02-20 10:09:43,12.5,0.0,5.0
2026-02-20 10:09:58,12.5,0.0,5.0
2026-02-20 10:10:13,12.5,0.0,5.0
2026-02-20 10:10:28,12.5,0.0,5.0
2026-02-20 10:10:43,12.5,0.0,5.0
2026-02-20 10:10:58,12.5,0.0,5.0
2026-02-20 10:11:13,12.5,0.0,5.0
2026-02-20 10:11:28,12.5,0.0,5.0
2026-02-20 10:11:43,12.5,0.0,5.0
2026-02-20 10:11:58,12.5,0.0,5.0
2026-02-20 10:12:13,12.5,0.0,5.0
2026-02-20 10:12:28,12.5,0.0,5.0
2026-02-20 10:12:43,12.5,0.0,5.0
2026-02-20 10:12:58,12.5,0.0,5.0
2026-02-20 10:13:13,12.5,0.0,5.0
2026-02-20 10:13:28,12.5,0.0,5.0
2026-02-20 10:13:43,12.5,0.0,5.0
2026-02-20 10:13:58,12.5,0.0,5.0
2026-02-20 10:14:13,12.5,0.0,5.0
2026-02-20 10:14:28,12.5,0.0,5.0
2026-02-20 10:14:43,12.5,0.0,5.0
2026-02-20 10:14:58,12.5,0.0,5.0
2026-02-20 10:15:13,12.5,0.0,5.0
2026-02-20 10:15:28,12.5,0.0,5.0
2026-02-20 10:15:43,12.5,0.0,5.0
2026-02-20 10:15:58,12.5,0.0,5.0
2026-02-20 10:16:13,12.5,0.0,5.0
2026-02-20 10:16:28,12.5,0.0,5.0
2026-02-20 10:16:43,12.5,0.0,5.0
2026-02-20 10:16:58,12.5,0.0,5.0
2026-02-20 10:17:13,12.5,0.0,5.0
2026-02-20 10:17:28,12.5,0.0,5.0
2026-02-20 10:17:43,12.5,0.0,5.0
2026-02-20 10:17:58,12.5,0.0,5.0
2026-02-20 10:18:13,12.5,0.0,5.0
2026-02-20 10:18:28,12.5,0.0,5.0
2026-02-20 10:18:43,12.5,0.0,5.0
2026-02-20 10:18:58,12.5,0.0,5.0
2026-02-20 10:19:13,12.5,0.0,5.0
2026-02-20 10:19:28,12.5,0.0,5.0
2026-02-20 10:19:43,12.5,0.0,5.0
2026-02-20 10:19:58,12.5,0.0,5.0
2026-02-20 10:20:13,12.5,0.0,5.0
2026-02-20 10:20:28,12.5,0.0,5.0
2026-02-20 10:20:43,12.5,0.0,5.0
2026-02-20 10:20:58,12.5,0.0,5.0
2026-02-20 10:21:13,12.5,0.0,5.0
2026-02-20 10:21:28,12.5,0.0,5.0
2026-02-20 10:21:43,12.5,0.0,5.0
2026-02-20 10:21:58,12.5,0.0,5.0
2026-02-20 10:22:13,12.5,0.0,5.0
2026-02-20 10:22:28,12.5,0.0,5.0
2026-02-20 10:22:43,12.5,0.0,5.0
2026-02-20 10:22:58,12.5,0.0,5.0
2026-02-20 10:23:13,12.5,0.0,5.0
2026-02-20 10:23:28,12.5,0.0,5.0
2026-02-20 10:23:43,12.5,0.0,5.0
2026-02-20 10:23:58,12.5,0.0,5.0
2026-02-20 10:24:13,12.5,0.0,5.0
2026-02-20 10:24:28,12.5,0.0,5.0
2026-02-20 10:24:43,12.5,0.0,5.0
2026-02-20 10:24:58,12.5,0.0,5.0
2026-02-20 10:25:13,12.5,0.0,5.0
2026-02-20 10:25:28,12.5,0.0,5.0
2026-02-20 10:25:43,12.5,0.0,5.0
2026-02-20 10:25:58,12.5,0.0,5.0
2026-02-20 10:26:13,12.5,0.0,5.0
2026-02-20 10:26:28,12.5,0.0,5.0
2026-02-20 10:26:43,12.5,0.0,5.0
2026-02-20 10:26:58,12.5,0.0,5.0
2026-02-20 10:27:13,12.5,0.0,5.0
2026-02-20 10:27:28,12.5,0.0,5.0
2026-02-20 10:27:43,12.5,0.0,5.0
2026-02-20 10:27:58,12.5,0.0,5.0
2026-02-20 10:28:13,12.5,0.0,5.0
2026-02-20 10:28:28,12.5,0.0,5.0
2026-02-20 10:28:43,12.5,0.0,5.0
2026-02-20 10:28:58,12.5,0.0,5.0
2026-02-20 10:29:13,12.5,0.0,5.0
2026-02-20 10:29:28,12.5,0.0,5.0
2026-02-20 10:29:43,12.5,0.0,5.0
2026-02-20 10:29:58,12.5,0.0,5.0
2026-02-20 10:30:13,12.5,0.0,5.0
2026-02-20 10:30:28,12.5,0.0,5.0
2026-02-20 10:30:43,12.5,0.0,5.0
2026-02-20 10:30:58,12.5,0.0,5.0
2026-02-20 10:31:13,12.5,0.0,5.0
2026-02-20 10:31:28,12.5,0.0,5.0
2026-02-20 10:31:43,12.5,0.0,5.0
2026-02-20 10:31:58,12.5,0.0,5.0
2026-02-20 10:32:13,12.5,0.0,5.0
2026-02-20 10:32:28,12.5,0.0,5.0
2026-02-20 10:32:43,12.5,0.0,5.0
2026-02-20 10:32:58,12.5,0.0,5.0
2026-02-20 10:33:13,12.5,0.0,5.0
2026-02-20 10:33:28,12.5,0.0,5.0
2026-02-20 10:33:43,12.5,0.0,5.0
2026-02-20 10:33:58,0.0,0.0,5.0
2026-02-20 10:34:13,12.5,0.0,5.0
2026-02-20 10:34:28,12.5,0.0,5.0
2026-02-20 10:34:43,0.0,0.0,5.0
2026-02-20 10:34:58,12.5,0.0,5.0
2026-02-20 10:35:13,12.5,0.0,5.0
2026-02-20 10:35:28,0.0,0.0,5.0
2026-02-20 10:35:43,0.0,0.0,5.0
2026-02-20 10:35:58,12.5,0.0,5.0
2026-02-20 10:36:13,0.0,0.0,5.0
2026-02-20 10:36:28,0.0,0.0,5.0
2026-02-20 10:36:43,12.5,0.0,5.0
2026-02-20 10:36:58,0.0,0.0,5.0
2026-02-20 10:37:13,0.0,0.0,5.0
2026-02-20 10:37:28,12.5,0.0,5.0
2026-02-20 10:37:43,12.5,0.0,5.0
2026-02-20 10:37:58,0.0,0.0,5.0
2026-02-20 10:38:13,12.5,0.0,5.0
2026-02-20 10:38:28,12.5,0.0,5.0
2026-02-20 10:38:43,0.0,0.0,5.0
2026-02-20 10:38:58,0.0,0.0,5.0
2026-02-20 10:39:13,12.5,0.0,5.0
2026-02-20 10:39:28,0.0,0.0,5.0
2026-02-20 10:39:43,0.0,0.0,5.0
2026-02-20 10:39:58,12.5,0.0,5.0
2026-02-20 10:40:13,0.0,0.0,5.0
2026-02-20 10:40:28,0.0,0.0,5.0
2026-02-20 10:40:43,12.5,0.0,5.0
2026-02-20 10:40:58,0.0,0.0,5.0
2026-02-20 10:41:13,0.0,0.0,5.0
2026-02-20 10:41:28,12.5,0.0,5.0
2026-02-20 10:41:43,0.0,0.0,5.0
2026-02-20 10:41:58,0.0,0.0,5.0
2026-02-20 10:42:13,0.0,0.0,5.0
2026-02-20 10:42:28,0.0,0.0,5.0
2026-02-20 10:42:43,0.0,0.0,5.0
2026-02-20 10:42:58,0.0,0.0,5.0
2026-02-20 10:43:13,0.0,0.0,5.0
2026-02-20 10:43:28,0.0,0.0,5.0
2026-02-20 10:43:43,0.0,0.0,5.0
2026-02-20 10:43:58,0.0,0.0,5.0
2026-02-20 10:44:13,0.0,0.0,5.0
2026-02-20 10:44:28,0.0,0.0,5.0
2026-02-20 10:44:43,0.0,0.0,5.0
2026-02-20 10:44:58,0.0,0.0,5.0
2026-02-20 10:45:13,0.0,0.0,5.0
2026-02-20 10:45:28,0.0,0.0,5.0
2026-02-20 10:45:43,0.0,0.0,5.0
2026-02-20 10:45:58,0.0,0.0,5.0
2026-02-20 10:46:13,0.0,0.0,5.0
2026-02-20 10:46:28,0.0,0.0,5.0
2026-02-20 10:46:43,0.0,0.0,5.0
2026-02-20 10:46:58,0.0,0.0,5.0
2026-02-20 10:47:13,0.0,0.0,5.0
2026-02-20 10:47:28,0.0,0.0,5.0
2026-02-20 10:47:43,0.0,0.0,5.0
2026-02-20 10:47:58,0.0,0.0,5.0
2026-02-20 10:48:13,0.0,0.0,5.0
2026-02-20 10:48:28,0.0,0.0,5.0
2026-02-20 10:48:43,0.0,0.0,5.0
2026-02-20 10:48:58,0.0,0.0,5.0
2026-02-20 10:49:13,0.0,0.0,5.0
2026-02-20 10:49:28,0.0,0.0,5.0
2026-02-20 10:49:43,0.0,0.0,5.0
2026-02-20 10:49:58,0.0,0.0,5.0
2026-02-20 10:50:13,0.0,0.0,5.0
2026-02-20 10:50:28,0.0,0.0,5.0
2026-02-20 10:50:43,0.0,0.0,5.0
2026-02-20 10:50:58,0.0,0.0,5.0
2026-02-20 10:51:13,0.0,0.0,5.0
2026-02-20 10:51:28,0.0,0.0,5.0
2026-02-20 10:51:43,0.0,0.0,5.0
2026-02-20 10:51:58,0.0,0.0,5.0
2026-02-20 10:52:13,0.0,0.0,5.0
2026-02-20 10:52:28,0.0,0.0,5.0
2026-02-20 10:52:43,0.0,0.0,5.0
2026-02-20 10:52:58,0.0,0.0,5.0
2026-02-20 10:53:13,0.0,0.0,5.0
2026-02-20 10:53:28,0.0,0.0,5.0
2026-02-20 10:53:43,0.0,0.0,5.0
2026-02-20 10:53:58,0.0,0.0,5.0
2026-02-20 10:54:13,0.0,0.0,5.0
2026-02-20 10:54:28,0.0,0.0,5.0
2026-02-20 10:54:43,0.0,0.0,5.0
2026-02-20 10:54:58,0.0,0.0,5.0
2026-02-20 10:55:13,0.0,0.0,5.0
2026-02-20 10:55:28,0.0,0.0,5.0
2026-02-20 10:55:43,0.0,0.0,5.0
2026-02-20 10:55:58,0.0,0.0,5.0
2026-02-20 10:56:13,0.0,0.0,5.0
2026-02-20 10:56:28,0.0,0.0,5.0
2026-02-20 10:56:43,0.0,0.0,5.0
2026-02-20 10:56:58,0.0,0.0,5.0
2026-02-20 10:57:13,0.0,0.0,5.0
2026-02-20 10:57:28,0.0,0.0,5.0
2026-02-20 10:57:43,0.0,0.0,5.0
2026-02-20 10:57:58,0.0,0.0,5.0
2026-02-20 10:58:13,0.0,0.0,5.0
2026-02-20 10:58:28,0.0,0.0,5.0
2026-02-20 10:58:43,0.0,0.0,5.0
2026-02-20 10:58:58,0.0,0.0,5.0
2026-02-20 10:59:13,0.0,0.0,5.0
2026-02-20 10:59:28,0.0,0.0,5.0
2026-02-20 10:59:43,0.0,0.0,5.0
2026-02-20 10:59:58,0.0,0.0,5.0
2026-02-20 11:00:13,0.0,0.0,5.0
2026-02-20 11:00:28,0.0,0.0,5.0
2026-02-20 11:00:43,0.0,0.0,5.0
2026-02-20 11:00:58,0.0,0.0,5.0
2026-02-20 11:01:13,0.0,0.0,5.0
2026-02-20 11:01:28,0.0,0.0,5.0
2026-02-20 11:01:43,0.0,0.0,5.0
2026-02-20 11:01:58,0.0,0.0,5.0
2026-02-20 11:02:13,0.0,0.0,5.0
2026-02-20 11:02:28,0.0,0.0,5.0
2026-02-20 11:02:43,0.0,0.0,5.0
2026-02-20 11:02:58,0.0,0.0,5.0
2026-02-20 11:03:13,0.0,0.0,5.0
2026-02-20 11:03:28,0.0,0.0,5.0
2026-02-20 11:03:43,0.0,0.0,5.0
2026-02-20 11:03:58,0.0,0.0,5.0
2026-02-20 11:04:13,0.0,0.0,5.0
2026-02-20 11:04:28,0.0,0.0,5.0
2026-02-20 11:04:43,0.0,0.0,5.0
2026-02-20 11:04:58,0.0,0.0,5.0
2026-02-20 11:05:13,0.0,0.0,5.0
2026-02-20 11:05:28,0.0,0.0,5.0
2026-02-20 11:05:43,0.0,0.0,5.0
2026-02-20 11:05:58,0.0,0.0,5.0
2026-02-20 11:06:13,0.0,0.0,5.0
2026-02-20 11:06:28,0.0,0.0,5.0
2026-02-20 11:06:43,0.0,0.0,5.0
2026-02-20 11:06:58,0.0,0.0,5.0
2026-02-20 11:07:13,0.0,0.0,5.0
2026-02-20 11:07:28,0.0,0.0,5.0
2026-02-20 11:07:43,0.0,0.0,5.0
2026-02-20 11:07:58,0.0,0.0,5.0
2026-02-20 11:08:13,0.0,0.0,5.0
2026-02-20 11:08:28,0.0,0.0,5.0
2026-02-20 11:08:43,0.0,0.0,5.0
2026-02-20 11:08:58,0.0,0.0,5.0
2026-02-20 11:09:13,0.0,0.0,5.0
2026-02-20 11:09:28,0.0,0.0,5.0
2026-02-20 11:09:43,0.0,0.0,5.0
2026-02-20 11:09:58,0.0,0.0,5.0
2026-02-20 11:10:13,0.0,0.0,5.0
2026-02-20 11:10:28,0.0,0.0,5.0
2026-02-20 11:10:43,0.0,0.0,5.0
2026-02-20 11:10:58,0.0,0.0,5.0
2026-02-20 11:11:13,0.0,0.0,5.0
2026-02-20 11:11:28,0.0,0.0,5.0
2026-02-20 11:11:43,0.0,0.0,5.0
2026-02-20 11:11:58,0.0,0.0,5.0
2026-02-20 11:12:13,0.0,0.0,5.0
2026-02-20 11:12:28,0.0,0.0,5.0
2026-02-20 11:12:43,0.0,0.0,5.0
2026-02-20 11:12:58,0.0,0.0,5.0
2026-02-20 11:13:13,0.0,0.0,5.0
2026-02-20 11:13:28,0.0,0.0,5.0
2026-02-20 11:13:43,0.0,0.0,5.0
2026-02-20 11:13:58,0.0,0.0,5.0
2026-02-20 11:14:13,0.0,0.0,5.0
2026-02-20 11:14:28,0.0,0.0,5.0
2026-02-20 11:14:43,0.0,0.0,5.0
2026-02-20 11:14:58,0.0,0.0,5.0
2026-02-20 11:15:13,0.0,0.0,5.0
2026-02-20 11:15:28,0.0,0.0,5.0
2026-02-20 11:15:43,0.0,0.0,5.0
2026-02-20 11:15:58,0.0,0.0,5.0
2026-02-20 11:16:13,0.0,0.0,5.0
2026-02-20 11:16:28,0.0,0.0,5.0
2026-02-20 11:16:43,0.0,0.0,5.0
2026-02-20 11:16:58,0.0,0.0,5.0
2026-02-20 11:17:13,0.0,0.0,5.0
2026-02-20 11:17:28,0.0,0.0,5.0
2026-02-20 11:17:43,0.0,0.0,5.0
2026-02-20 11:17:58,0.0,0.0,5.0
2026-02-20 11:18:13,0.0,0.0,5.0
2026-02-20 11:18:28,0.0,0.0,5.0
2026-02-20 11:18:43,0.0,0.0,5.0
2026-02-20 11:18:58,0.0,0.0,5.0
2026-02-20 11:19:13,0.0,0.0,5.0
2026-02-20 11:19:28,0.0,0.0,5.0
2026-02-20 11:19:43,0.0,0.0,5.0
2026-02-20 11:19:58,0.0,0.0,5.0
2026-02-20 11:20:13,0.0,0.0,5.0
2026-02-20 11:20:28,0.0,0.0,5.0
2026-02-20 11:20:43,0.0,0.0,5.0
2026-02-20 11:20:58,0.0,0.0,5.0
2026-02-20 11:21:13,0.0,0.0,5.0
2026-02-20 11:21:28,0.0,0.0,5.0
2026-02-20 11:21:43,0.0,0.0,5.0
2026-02-20 11:21:58,0.0,0.0,5.0
2026-02-20 11:22:13,0.0,0.0,5.0
2026-02-20 11:22:28,0.0,0.0,5.0
2026-02-20 11:22:43,0.0,0.0,5.0
2026-02-20 11:22:58,0.0,0.0,5.0
2026-02-20 11:23:13,0.0,0.0,5.0
2026-02-20 11:23:28,0.0,0.0,5.0
2026-02-20 11:23:43,0.0,0.0,5.0
2026-02-20 11:23:58,0.0,0.0,5.0
2026-02-20 11:24:13,0.0,0.0,5.0
2026-02-20 11:24:28,0.0,0.0,5.0
2026-02-20 11:24:43,0.0,0.0,5.0
2026-02-20 11:24:58,0.0,0.0,5.0
2026-02-20 11:25:13,0.0,0.0,5.0
2026-02-20 11:25:28,0.0,0.0,5.0
2026-02-20 11:25:43,0.0,0.0,5.0
2026-02-20 11:25:58,0.0,0.0,5.0
2026-02-20 11:26:13,0.0,0.0,5.0
2026-02-20 11:26:28,0.0,0.0,5.0
2026-02-20 11:26:43,0.0,0.0,5.0
2026-02-20 11:26:58,0.0,0.0,5.0
2026-02-20 11:27:13,0.0,0.0,5.0
2026-02-20 11:27:28,0.0,0.0,5.0
2026-02-20 11:27:43,0.0,0.0,5.0
2026-02-20 11:27:58,0.0,0.0,5.0
2026-02-20 11:28:13,0.0,0.0,5.0
2026-02-20 11:28:28,0.0,0.0,5.0
2026-02-20 11:28:43,0.0,0.0,5.0
2026-02-20 11:28:58,0.0,0.0,5.0
2026-02-20 11:29:13,0.0,0.0,5.0
2026-02-20 11:29:28,0.0,0.0,5.0
2026-02-20 11:29:43,0.0,0.0,5.0
2026-02-20 11:29:58,0.0,0.0,5.0
2026-02-20 11:30:13,0.0,0.0,5.0
2026-02-20 11:30:28,0.0,0.0,5.0
2026-02-20 11:30:43,0.0,0.0,5.0
2026-02-20 11:30:58,0.0,0.0,5.0
2026-02-20 11:31:13,0.0,0.0,5.0
2026-02-20 11:31:28,0.0,0.0,5.0
2026-02-20 11:31:43,0.0,0.0,5.0
2026-02-20 11:31:58,0.0,0.0,5.0
2026-02-20 11:32:13,0.0,0.0,5.0
2026-02-20 11:32:28,0.0,0.0,5.0
2026-02-20 11:32:43,0.0,0.0,5.0
2026-02-20 11:32:58,0.0,0.0,5.0
2026-02-20 11:33:13,0.0,0.0,5.0
2026-02-20 11:33:28,0.0,0.0,5.0
2026-02-20 11:33:43,0.0,0.0,5.0
2026-02-20 11:33:58,0.0,0.0,5.0
2026-02-20 11:34:13,0.0,0.0,5.0
2026-02-20 11:34:28,0.0,0.0,5.0
2026-02-20 11:34:43,0.0,0.0,5.0
2026-02-20 11:34:58,0.0,0.0,5.0
2026-02-20 11:35:13,0.0,0.0,5.0
2026-02-20 11:35:28,0.0,0.0,5.0
2026-02-20 11:35:43,0.0,0.0,5.0
2026-02-20 11:35:58,0.0,0.0,5.0
2026-02-20 11:36:13,0.0,0.0,5.0
2026-02-20 11:36:28,0.0,0.0,5.0
2026-02-20 11:36:43,0.0,0.0,5.0
2026-02-20 11:36:58,0.0,0.0,5.0
2026-02-20 11:37:13,0.0,0.0,5.0
2026-02-20 11:37:28,0.0,0.0,5.0
2026-02-20 11:37:43,0.0,0.0,5.0
2026-02-20 11:37:58,0.0,0.0,5.0
2026-02-20 11:38:13,0.0,0.0,5.0
2026-02-20 11:38:28,0.0,0.0,5.0
2026-02-20 11:38:43,0.0,0.0,5.0
2026-02-20 11:38:58,0.0,0.0,5.0
2026-02-20 11:39:13,0.0,0.0,5.0
2026-02-20 11:39:28,0.0,0.0,5.0
2026-02-20 11:39:43,0.0,0.0,5.0
2026-02-20 11:39:58,0.0,0.0,5.0
2026-02-20 11:40:13,0.0,0.0,5.0
2026-02-20 11:40:28,0.0,0.0,5.0
2026-02-20 11:40:43,0.0,0.0,5.0
2026-02-20 11:40:58,0.0,0.0,5.0
2026-02-20 11:41:13,0.0,0.0,5.0
2026-02-20 11:41:28,0.0,0.0,5.0
2026-02-20 11:41:43,0.0,0.0,5.0
2026-02-20 11:41:58,0.0,0.0,5.0
2026-02-20 11:42:13,0.0,0.0,5.0
2026-02-20 11:42:28,0.0,0.0,5.0
2026-02-20 11:42:43,0.0,0.0,5.0
2026-02-20 11:42:58,0.0,0.0,5.0
2026-02-20 11:43:13,0.0,0.0,5.0
2026-02-20 11:43:28,0.0,0.0,5.0
2026-02-20 11:43:43,0.0,0.0,5.0
2026-02-20 11:43:58,0.0,0.0,5.0
2026-02-20 11:44:13,0.0,0.0,5.0
2026-02-20 11:44:28,0.0,0.0,5.0
2026-02-20 11:44:43,0.0,0.0,5.0
2026-02-20 11:44:58,0.0,0.0,5.0
2026-02-20 11:45:13,0.0,0.0,5.0
2026-02-20 11:45:28,0.0,0.0,5.0
2026-02-20 11:45:43,0.0,0.0,5.0
2026-02-20 11:45:58,0.0,0.0,5.0
2026-02-20 11:46:13,0.0,0.0,5.0
2026-02-20 11:46:28,0.0,0.0,5.0
2026-02-20 11:46:43,0.0,0.0,5.0
2026-02-20 11:46:58,0.0,0.0,5.0
2026-02-20 11:47:13,0.0,0.0,5.0
2026-02-20 11:47:28,0.0,0.0,5.0
2026-02-20 11:47:43,0.0,0.0,5.0
2026-02-20 11:47:58,0.0,0.0,5.0
2026-02-20 11:48:13,0.0,0.0,5.0
2026-02-20 11:48:28,0.0,0.0,5.0
2026-02-20 11:48:43,0.0,0.0,5.0
2026-02-20 11:48:58,0.0,0.0,5.0
2026-02-20 11:49:13,0.0,0.0,5.0
2026-02-20 11:49:28,0.0,0.0,5.0
2026-02-20 11:49:43,0.0,0.0,5.0
2026-02-20 11:49:58,0.0,0.0,5.0
2026-02-20 11:50:13,0.0,0.0,5.0
2026-02-20 11:50:28,0.0,0.0,5.0
2026-02-20 11:50:43,0.0,0.0,5.0
2026-02-20 11:50:58,0.0,0.0,5.0
2026-02-20 11:51:13,0.0,0.0,5.0
2026-02-20 11:51:28,0.0,0.0,5.0
2026-02-20 11:51:43,0.0,0.0,5.0
2026-02-20 11:51:58,0.0,0.0,5.0
2026-02-20 11:52:13,0.0,0.0,5.0
2026-02-20 11:52:28,0.0,0.0,5.0
2026-02-20 11:52:43,0.0,0.0,5.0
2026-02-20 11:52:58,0.0,0.0,5.0
2026-02-20 11:53:13,0.0,0.0,5.0
2026-02-20 11:53:28,0.0,0.0,5.0
2026-02-20 11:53:43,0.0,0.0,5.0
2026-02-20 11:53:58,0.0,0.0,5.0
2026-02-20 11:54:13,0.0,0.0,5.0
2026-02-20 11:54:28,0.0,0.0,5.0
2026-02-20 11:54:43,0.0,0.0,5.0
2026-02-20 11:54:58,0.0,0.0,5.0
2026-02-20 11:55:13,0.0,0.0,5.0
2026-02-20 11:55:28,0.0,0.0,5.0
2026-02-20 11:55:43,0.0,0.0,5.0
2026-02-20 11:55:58,0.0,0.0,5.0
2026-02-20 11:56:13,0.0,0.0,5.0
2026-02-20 11:56:28,0.0,0.0,5.0
2026-02-20 11:56:43,0.0,0.0,5.0
2026-02-20 11:56:58,0.0,0.0,5.0
2026-02-20 11:57:13,0.0,0.0,5.0
2026-02-20 11:57:28,0.0,0.0,5.0
2026-02-20 11:57:43,0.0,0.0,5.0
2026-02-20 11:57:58,0.0,0.0,5.0
2026-02-20 11:58:13,0.0,0.0,5.0
2026-02-20 11:58:28,0.0,0.0,5.0
2026-02-20 11:58:43,0.0,0.0,5.0
2026-02-20 11:58:58,0.0,0.0,5.0
2026-02-20 11:59:13,0.0,0.0,5.0
2026-02-20 11:59:28,0.0,0.0,5.0
2026-02-20 11:59:43,0.0,0.0,5.0
2026-02-20 11:59:58,0.0,0.0,5.0
2026-02-20 12:00:13,0.0,0.0,5.258901523297491
2026-02-20 12:00:28,0.0,0.0,5.557634050179211
2026-02-20 12:00:43,0.0,0.0,5.856366577060932
2026-02-20 12:00:58,0.0,0.0,6.155099103942653
2026-02-20 12:01:13,0.0,0.0,6.453831630824373
2026-02-20 12:01:28,0.0,0.0,6.752564157706093
2026-02-20 12:01:43,0.0,0.0,7.051296684587814
2026-02-20 12:01:58,0.0,0.0,7.3500292114695345
2026-02-20 12:02:13,0.0,0.0,7.648761738351254
2026-02-20 12:02:28,0.0,0.0,7.947494265232975
2026-02-20 12:02:43,0.0,0.0,8.246226792114696
2026-02-20 12:02:58,0.0,0.0,8.544959318996415
2026-02-20 12:03:13,0.0,0.0,8.843691845878137
2026-02-20 12:03:28,0.0,0.0,9.142424372759857
2026-02-20 12:03:43,0.0,0.0,9.441156899641577
2026-02-20 12:03:58,0.0,0.0,9.739889426523298
2026-02-20 12:04:13,0.0,0.0,10.038621953405018
2026-02-20 12:04:28,0.0,0.0,10.337354480286738
2026-02-20 12:04:43,0.0,0.0,10.63608700716846
2026-02-20 12:04:58,0.0,0.0,10.93481953405018
2026-02-20 12:05:13,0.0,0.0,11.233552060931899
2026-02-20 12:05:28,0.0,0.0,11.53228458781362
2026-02-20 12:05:43,0.0,0.0,11.83101711469534
2026-02-20 12:05:58,0.0,0.0,12.12974964157706
2026-02-20 12:06:13,0.0,0.0,12.428482168458782
2026-02-20 12:06:28,0.0,0.0,12.727214695340502
2026-02-20 12:06:43,0.0,0.0,13.025947222222223
2026-02-20 12:06:58,0.0,0.0,13.324679749103943
2026-02-20 12:07:13,0.0,0.0,13.623412275985663
2026-02-20 12:07:28,0.0,0.0,13.922144802867384
2026-02-20 12:07:43,0.0,0.0,14.220877329749104
2026-02-20 12:07:58,0.0,0.0,14.519609856630824
2026-02-20 12:08:13,0.0,0.0,14.818342383512546
2026-02-20 12:08:28,0.0,0.0,15.117074910394265
2026-02-20 12:08:43,0.0,0.0,15.415807437275985
2026-02-20 12:08:58,0.0,0.0,15.714539964157707
2026-02-20 12:09:13,0.0,0.0,16.013272491039427
2026-02-20 12:09:28,0.0,0.0,16.312005017921145
2026-02-20 12:09:43,0.0,0.0,16.610737544802866
2026-02-20 12:09:58,0.0,0.0,16.909470071684588
2026-02-20 12:10:13,0.0,0.0,17.20820259856631
2026-02-20 12:10:28,0.0,0.0,17.50693512544803
2026-02-20 12:10:43,0.0,0.0,17.80566765232975
2026-02-20 12:10:58,0.0,0.0,18.10440017921147
2026-02-20 12:11:13,0.0,0.0,18.40313270609319
2026-02-20 12:11:28,0.0,0.0,18.70186523297491
2026-02-20 12:11:43,0.0,0.0,19.000597759856632
2026-02-20 12:11:58,0.0,0.0,19.299330286738353
2026-02-20 12:12:13,0.0,0.0,19.59806281362007
2026-02-20 12:12:28,0.0,0.0,19.896795340501793
2026-02-20 12:12:43,0.0,0.0,20.19552786738351
2026-02-20 12:12:58,0.0,0.0,20.494260394265233
2026-02-20 12:13:13,0.0,0.0,20.792992921146954
2026-02-20 12:13:28,0.0,0.0,21.091725448028676
2026-02-20 12:13:43,0.0,0.0,21.390457974910394
2026-02-20 12:13:58,0.0,0.0,21.689190501792115
2026-02-20 12:14:13,0.0,0.0,21.987923028673837
2026-02-20 12:14:28,0.0,0.0,22.286655555555555
2026-02-20 12:14:43,0.0,0.0,22.585388082437277
2026-02-20 12:14:58,0.0,0.0,22.884120609318998
2026-02-20 12:15:13,0.0,0.0,23.182853136200716
2026-02-20 12:15:28,0.0,0.0,23.481585663082438
2026-02-20 12:15:43,0.0,0.0,23.78031818996416
2026-02-20 12:15:58,0.0,0.0,24.079050716845877
2026-02-20 12:16:13,0.0,0.0,24.3777832437276
2026-02-20 12:16:28,0.0,0.0,24.67651577060932
2026-02-20 12:16:43,0.0,0.0,24.97524829749104
2026-02-20 12:16:58,0.0,0.0,25.27398082437276
2026-02-20 12:17:13,0.0,0.0,25.57271335125448
2026-02-20 12:17:28,0.0,0.0,25.8714458781362
2026-02-20 12:17:43,0.0,0.0,26.17017840501792
2026-02-20 12:17:58,0.0,0.0,26.468910931899643
2026-02-20 12:18:13,0.0,0.0,26.76764345878136
2026-02-20 12:18:28,0.0,0.0,27.066375985663083
2026-02-20 12:18:43,0.0,0.0,27.365108512544804
2026-02-20 12:18:58,0.0,0.0,27.663841039426526
2026-02-20 12:19:13,0.0,0.0,27.962573566308244
2026-02-20 12:19:28,0.0,0.0,28.261306093189965
2026-02-20 12:19:43,0.0,0.0,28.560038620071687
2026-02-20 12:19:58,0.0,0.0,28.858771146953405
2026-02-20 12:20:13,0.0,0.0,29.157503673835127
2026-02-20 12:20:28,0.0,0.0,29.456236200716848
2026-02-20 12:20:43,0.0,0.0,29.754968727598566
2026-02-20 12:20:58,0.0,0.0,30.053701254480288
2026-02-20 12:21:13,0.0,0.0,30.35243378136201
2026-02-20 12:21:28,0.0,0.0,30.651166308243727
2026-02-20 12:21:43,0.0,0.0,30.94989883512545
2026-02-20 12:21:58,0.0,0.0,31.24863136200717
2026-02-20 12:22:13,0.0,0.0,31.54736388888889
2026-02-20 12:22:28,0.0,0.0,31.84609641577061
2026-02-20 12:22:43,0.0,0.0,32.14482894265233
2026-02-20 12:22:58,0.0,0.0,32.443561469534046
2026-02-20 12:23:13,0.0,0.0,32.74229399641577
2026-02-20 12:23:28,0.0,0.0,33.04102652329749
2026-02-20 12:23:43,0.0,0.0,33.33975905017921
2026-02-20 12:23:58,0.0,0.0,33.63849157706093
2026-02-20 12:24:13,0.0,0.0,33.937224103942654
2026-02-20 12:24:28,0.0,0.0,34.235956630824376
2026-02-20 12:24:43,0.0,0.0,34.5346891577061
2026-02-20 12:24:58,0.0,0.0,34.83342168458782
2026-02-20 12:25:13,0.0,0.0,35.13215421146953
2026-02-20 12:25:28,0.0,0.0,35.430886738351255
2026-02-20 12:25:43,0.0,0.0,35.72961926523298
2026-02-20 12:25:58,0.0,0.0,36.0283517921147
2026-02-20 12:26:13,0.0,0.0,36.32708431899641
2026-02-20 12:26:28,0.0,0.0,36.625816845878134
2026-02-20 12:26:43,0.0,0.0,36.924549372759856
2026-02-20 12:26:58,0.0,0.0,37.22328189964158
2026-02-20 12:27:13,0.0,0.0,37.5220144265233
2026-02-20 12:27:28,0.0,0.0,37.82074695340502
2026-02-20 12:27:43,0.0,0.0,38.11947948028674
2026-02-20 12:27:58,0.0,0.0,38.41821200716846
2026-02-20 12:28:13,0.0,0.0,38.71694453405018
2026-02-20 12:28:28,0.0,0.0,39.0156770609319
2026-02-20 12:28:43,0.0,0.0,39.31440958781362
2026-02-20 12:28:58,0.0,0.0,39.61314211469534
2026-02-20 12:29:13,0.0,0.0,39.911874641577064
2026-02-20 12:29:28,0.0,0.0,40.210607168458786
2026-02-20 12:29:43,0.0,0.0,40.5093396953405
2026-02-20 12:29:58,0.0,0.0,40.80807222222222
2026-02-20 12:30:13,0.0,0.0,41.106804749103944
2026-02-20 12:30:28,0.0,0.0,41.405537275985665
2026-02-20 12:30:43,0.0,0.0,41.70426980286739
2026-02-20 12:30:58,0.0,0.0,42.00300232974911
2026-02-20 12:31:13,0.0,0.0,42.30173485663082
2026-02-20 12:31:28,0.0,0.0,42.600467383512544
2026-02-20 12:31:43,0.0,0.0,42.899199910394266
2026-02-20 12:31:58,0.0,0.0,43.19793243727599
2026-02-20 12:32:13,0.0,0.0,43.49666496415771
2026-02-20 12:32:28,0.0,0.0,43.79539749103943
2026-02-20 12:32:43,0.0,0.0,44.094130017921145
2026-02-20 12:32:58,0.0,0.0,44.39286254480287
2026-02-20 12:33:13,0.0,0.0,44.69159507168459
2026-02-20 12:33:28,0.0,0.0,44.99032759856631
2026-02-20 12:33:43,0.0,0.0,45.28906012544803
2026-02-20 12:33:58,0.0,0.0,45.58779265232975
2026-02-20 12:34:13,0.0,0.0,45.88652517921147
2026-02-20 12:34:28,0.0,0.0,46.18525770609319
2026-02-20 12:34:43,0.0,0.0,46.48399023297491
2026-02-20 12:34:58,0.0,0.0,46.78272275985663
2026-02-20 12:35:13,0.0,0.0,47.081455286738354
2026-02-20 12:35:28,0.0,0.0,47.380187813620076
2026-02-20 12:35:43,0.0,0.0,47.67892034050179
2026-02-20 12:35:58,0.0,0.0,47.97765286738351
2026-02-20 12:36:13,0.0,0.0,48.27638539426523
2026-02-20 12:36:28,0.0,0.0,48.575117921146955
2026-02-20 12:36:43,0.0,0.0,48.873850448028676
2026-02-20 12:36:58,0.0,0.0,49.1725829749104
2026-02-20 12:37:13,0.0,0.0,49.47131550179212
2026-02-20 12:37:28,0.0,0.0,49.770048028673834
2026-02-20 12:37:43,0.0,0.0,50.068780555555556
2026-02-20 12:37:58,0.0,0.0,50.36751308243728
2026-02-20 12:38:13,0.0,0.0,50.666245609319
2026-02-20 12:38:28,0.0,0.0,50.96497813620072
2026-02-20 12:38:43,0.0,0.0,51.26371066308244
2026-02-20 12:38:58,0.0,0.0,51.562443189964156
2026-02-20 12:39:13,0.0,0.0,51.86117571684588
2026-02-20 12:39:28,0.0,0.0,52.1599082437276
2026-02-20 12:39:43,0.0,0.0,52.45864077060932
2026-02-20 12:39:58,0.0,0.0,52.75737329749104
2026-02-20 12:40:13,0.0,0.0,53.056105824372764
2026-02-20 12:40:28,0.0,0.0,53.35483835125448
2026-02-20 12:40:43,0.0,0.0,53.6535708781362
2026-02-20 12:40:58,0.0,0.0,53.95230340501792
2026-02-20 12:41:13,0.0,0.0,54.251035931899644
2026-02-20 12:41:28,0.0,0.0,54.549768458781365
2026-02-20 12:41:43,0.0,0.0,54.84850098566309
2026-02-20 12:41:58,0.0,0.904977375565611,55.1472335125448
2026-02-20 12:42:13,0.0,1.3574660633484164,55.44596603942652
2026-02-20 12:42:28,0.0,1.809954751131222,55.744698566308244
2026-02-20 12:42:43,0.0,3.111111111111111,56.043431093189966
2026-02-20 12:42:58,0.0,3.5555555555555554,56.34216362007169
2026-02-20 12:43:13,0.0,4.0,56.64089614695341
2026-02-20 12:43:28,0.0,4.444444444444445,56.939628673835124
2026-02-20 12:43:43,0.0,5.676855895196507,57.238361200716845
2026-02-20 12:43:58,0.0,6.11353711790393,57.53709372759857
2026-02-20 12:44:13,0.0,6.550218340611353,57.83582625448029
2026-02-20 12:44:28,0.0,7.725321888412018,58.13455878136201
2026-02-20 12:44:43,0.0,8.15450643776824,58.43329130824373
2026-02-20 12:44:58,0.0,8.583690987124463,58.73202383512545
2026-02-20 12:45:13,0.0,9.70464135021097,59.03075636200717
2026-02-20 12:45:28,0.0,10.126582278481013,59.32948888888889
2026-02-20 12:45:43,0.0,10.548523206751055,59.62822141577061
2026-02-20 12:45:58,0.0,10.970464135021098,59.92695394265233
2026-02-20 12:46:13,0.0,12.033195020746888,60.225686469534054
2026-02-20 12:46:28,0.0,12.448132780082988,60.524418996415775
2026-02-20 12:46:43,0.0,12.863070539419086,60.82315152329749
2026-02-20 12:46:58,0.0,13.877551020408163,61.12188405017921
2026-02-20 12:47:13,0.0,14.285714285714285,61.42061657706093
2026-02-20 12:47:28,0.0,14.69387755102041,61.719349103942655
2026-02-20 12:47:43,0.0,15.261044176706829,62.018081630824376
2026-02-20 12:47:58,0.0,15.261044176706829,62.3168141577061
2026-02-20 12:48:13,0.0,15.261044176706829,62.61554668458781
2026-02-20 12:48:28,0.0,15.261044176706829,62.914279211469534
2026-02-20 12:48:43,0.0,15.019762845849801,63.213011738351256
2026-02-20 12:48:58,0.0,15.019762845849801,63.51174426523298
2026-02-20 12:49:13,0.0,15.019762845849801,63.8104767921147
2026-02-20 12:49:28,0.0,14.785992217898833,64.10920931899642
2026-02-20 12:49:43,0.0,14.785992217898833,64.40794184587813
2026-02-20 12:49:58,0.0,14.785992217898833,64.70667437275986
2026-02-20 12:50:13,0.0,14.559386973180077,65.00540689964157
2026-02-20 12:50:28,0.0,14.559386973180077,65.3041394265233
2026-02-20 12:50:43,0.0,14.559386973180077,65.60287195340501
2026-02-20 12:50:58,0.0,14.559386973180077,65.90160448028675
2026-02-20 12:51:13,0.0,14.339622641509434,66.20033700716846
2026-02-20 12:51:28,0.0,14.339622641509434,66.49906953405018
2026-02-20 12:51:43,0.0,14.339622641509434,66.7978020609319
2026-02-20 12:51:58,0.0,14.12639405204461,67.09653458781362
2026-02-20 12:52:13,0.0,14.12639405204461,67.39526711469534
2026-02-20 12:52:28,0.0,14.12639405204461,67.69399964157707
2026-02-20 12:52:43,0.0,14.12639405204461,67.99273216845879
2026-02-20 12:52:58,0.0,13.91941391941392,68.2914646953405
2026-02-20 12:53:13,0.0,13.91941391941392,68.59019722222223
2026-02-20 12:53:28,0.0,13.91941391941392,68.88892974910394
2026-02-20 12:53:43,0.0,13.718411552346572,69.18766227598566
2026-02-20 12:53:58,0.0,13.718411552346572,69.48639480286738
2026-02-20 12:54:13,0.0,13.718411552346572,69.7851273297491
2026-02-20 12:54:28,0.0,13.523131672597867,70.08385985663082
2026-02-20 12:54:43,0.0,13.523131672597867,70.38259238351255
2026-02-20 12:54:58,0.0,13.523131672597867,70.68132491039427
2026-02-20 12:55:13,0.0,13.523131672597867,70.98005743727599
2026-02-20 12:55:28,0.0,13.684210526315791,71.27878996415771
2026-02-20 12:55:43,0.0,14.035087719298245,71.57752249103943
2026-02-20 12:55:58,0.0,14.385964912280702,71.87625501792115
2026-02-20 12:56:13,0.0,15.22491349480969,72.17498754480287
2026-02-20 12:56:28,0.0,15.570934256055363,72.4737200716846
2026-02-20 12:56:43,0.0,15.916955017301039,72.7724525985663
2026-02-20 12:56:58,0.0,16.723549488054605,73.07118512544803
2026-02-20 12:57:13,0.0,17.064846416382252,73.36991765232975
2026-02-20 12:57:28,0.0,17.4061433447099,73.66865017921147
2026-02-20 12:57:43,0.0,17.747440273037544,73.96738270609319
2026-02-20 12:57:58,0.0,18.51851851851852,74.26611523297491
2026-02-20 12:58:13,0.0,18.855218855218855,74.56484775985663
2026-02-20 12:58:28,0.0,19.19191919191919,74.86358028673835
2026-02-20 12:58:43,0.0,19.93355481727575,75.16231281362008
2026-02-20 12:58:58,0.0,20.26578073089701,75.4610453405018
2026-02-20 12:59:13,0.0,20.59800664451827,75.75977786738352
2026-02-20 12:59:28,0.0,21.311475409836063,76.05851039426524
2026-02-20 12:59:43,0.0,21.639344262295083,76.35724292114696
2026-02-20 12:59:58,0.0,21.9672131147541,76.65597544802867
2026-02-20 13:00:13,0.0,22.295081967213115,76.95470797491039
2026-02-20 13:00:28,0.0,22.97734627831715,77.25344050179211
2026-02-20 13:00:43,0.0,23.300970873786408,77.55217302867383
2026-02-20 13:00:58,0.0,23.624595469255663,77.85090555555556
2026-02-20 13:01:13,0.0,24.281150159744406,78.14963808243728
2026-02-20 13:01:28,0.0,24.600638977635782,78.448370609319
2026-02-20 13:01:43,0.0,24.920127795527154,78.74710313620072
2026-02-20 13:01:58,0.0,25.55205047318612,79.04583566308244
2026-02-20 13:02:13,0.0,25.86750788643533,79.34456818996416
2026-02-20 13:02:28,0.0,26.18296529968454,79.64330071684589
2026-02-20 13:02:43,0.0,26.498422712933756,79.94203324372761
2026-02-20 13:02:58,0.0,27.102803738317753,80.24076577060931
2026-02-20 13:03:13,0.0,27.41433021806853,80.53949829749104
2026-02-20 13:03:28,0.0,27.725856697819314,80.83823082437276
2026-02-20 13:03:43,0.0,28.307692307692307,81.13696335125448
2026-02-20 13:03:58,0.0,28.615384615384613,81.4356958781362
2026-02-20 13:04:13,0.0,28.923076923076923,81.73442840501792
2026-02-20 13:04:28,0.0,29.48328267477204,82.03316093189964
2026-02-20 13:04:43,0.0,29.78723404255319,82.33189345878137
2026-02-20 13:04:58,0.0,30.091185410334347,82.63062598566309
2026-02-20 13:05:13,0.0,30.3951367781155,82.92935851254481
2026-02-20 13:05:28,0.0,30.930930930930934,83.22809103942653
2026-02-20 13:05:43,0.0,31.23123123123123,83.52682356630825
2026-02-20 13:05:58,0.0,31.53153153153153,83.82555609318997
2026-02-20 13:06:13,0.0,32.047477744807125,84.12428862007168
2026-02-20 13:06:28,0.0,32.34421364985163,84.4230211469534
2026-02-20 13:06:43,0.0,32.640949554896146,84.72175367383512
2026-02-20 13:06:58,0.0,33.137829912023456,85.02048620071685
2026-02-20 13:07:13,0.0,33.43108504398827,85.31921872759857
2026-02-20 13:07:28,0.0,33.724340175953074,85.61795125448029
2026-02-20 13:07:43,0.0,34.01759530791789,85.91668378136201
2026-02-20 13:07:58,0.0,34.492753623188406,86.21541630824373
2026-02-20 13:08:13,0.0,34.78260869565217,86.51414883512545
2026-02-20 13:08:28,0.0,35.07246376811594,86.81288136200718
2026-02-20 13:08:43,0.0,35.53008595988539,87.1116138888889
2026-02-20 13:08:58,0.0,35.816618911174785,87.41034641577062
2026-02-20 13:09:13,0.0,36.10315186246418,87.70907894265233
2026-02-20 13:09:28,0.0,36.54390934844193,88.00781146953405
2026-02-20 13:09:43,0.0,36.827195467422094,88.30654399641577
2026-02-20 13:09:58,12.5,37.110481586402265,88.60527652329749
2026-02-20 13:10:13,12.5,37.39376770538244,88.90400905017921
2026-02-20 13:10:28,12.5,37.81512605042017,89.20274157706093
2026-02-20 13:10:43,12.5,38.095238095238095,89.50147410394266
2026-02-20 13:10:58,12.5,38.37535014005603,89.80020663082438
2026-02-20 13:11:13,12.5,38.78116343490305,90.0989391577061
2026-02-20 13:11:28,12.5,39.05817174515235,90.39767168458782
2026-02-20 13:11:43,12.5,39.335180055401665,90.69640421146954
2026-02-20 13:11:58,12.5,39.612188365650965,90.99513673835126
2026-02-20 13:12:13,12.5,40.0,91.29386926523297
2026-02-20 13:12:28,12.5,40.273972602739725,91.59260179211469
2026-02-20 13:12:43,12.5,40.54794520547945,91.89133431899641
2026-02-20 13:12:58,12.5,40.921409214092144,92.19006684587814
2026-02-20 13:13:13,12.5,41.19241192411924,92.48879937275986
2026-02-20 13:13:28,12.5,41.46341463414634,92.78753189964158
2026-02-20 13:13:43,12.5,41.8230563002681,93.0862644265233
2026-02-20 13:13:58,12.5,42.0911528150134,93.38499695340502
2026-02-20 13:14:13,12.5,42.35924932975871,93.68372948028674
2026-02-20 13:14:28,12.5,42.62734584450402,93.98246200716846
2026-02-20 13:14:43,12.5,42.97082228116711,94.28119453405019
2026-02-20 13:14:58,12.5,43.236074270557026,94.57992706093191
2026-02-20 13:15:13,12.5,43.50132625994695,94.87865958781363
2026-02-20 13:15:28,12.5,43.832020997375324,95.17739211469534
2026-02-20 13:15:43,12.5,44.09448818897638,95.47612464157706
2026-02-20 13:15:58,12.5,44.35695538057743,95.77485716845878
2026-02-20 13:16:13,12.5,44.675324675324674,96.0735896953405
2026-02-20 13:16:28,12.5,44.935064935064936,96.37232222222222
2026-02-20 13:16:43,12.5,45.19480519480519,96.67105474910394
2026-02-20 13:16:58,12.5,45.45454545454545,96.96978727598567
2026-02-20 13:17:13,12.5,45.75835475578406,97.26851980286739
2026-02-20 13:17:28,12.5,46.01542416452442,97.56725232974911
2026-02-20 13:17:43,12.5,46.27249357326478,97.86598485663083
2026-02-20 13:17:58,12.5,46.56488549618321,98.16471738351255
2026-02-20 13:18:13,12.5,46.81933842239186,98.46344991039427
2026-02-20 13:18:28,12.5,47.07379134860051,98.76218243727598
2026-02-20 13:18:43,12.5,47.3551637279597,99.0609149641577
2026-02-20 13:18:58,12.5,47.607052896725435,99.35964749103942
2026-02-20 13:19:13,12.5,47.858942065491185,99.65838001792115
2026-02-20 13:19:28,12.5,48.11083123425693,99.95711254480287
2026-02-20 13:19:43,12.5,48.37905236907731,100.25584507168459
2026-02-20 13:19:58,12.5,48.6284289276808,100.55457759856631
2026-02-20 13:20:13,12.5,48.87780548628429,100.85331012544803
2026-02-20 13:20:28,12.5,49.135802469135804,101.15204265232975
2026-02-20 13:20:43,12.5,49.382716049382715,101.45077517921148
2026-02-20 13:20:58,12.5,49.629629629629626,101.7495077060932
2026-02-20 13:21:13,12.5,49.877750611246945,102.04824023297492
2026-02-20 13:21:28,12.5,50.12224938875306,102.34697275985664
2026-02-20 13:21:43,12.5,50.36674816625917,102.64570528673835
2026-02-20 13:21:58,12.5,50.61124694376527,102.94443781362007
2026-02-20 13:22:13,12.5,50.847457627118644,103.24317034050179
2026-02-20 13:22:28,12.5,51.08958837772397,103.54190286738351
2026-02-20 13:22:43,12.5,51.3317191283293,103.84063539426523
2026-02-20 13:22:58,12.5,51.55875299760192,104.13936792114696
2026-02-20 13:23:13,12.5,51.798561151079134,104.43810044802868
2026-02-20 13:23:28,12.5,52.038369304556355,104.7368329749104
2026-02-20 13:23:43,12.5,52.25653206650831,105.03556550179212
2026-02-20 13:23:58,12.5,52.49406175771971,105.33429802867384
2026-02-20 13:24:13,12.5,52.73159144893111,105.63303055555556
2026-02-20 13:24:28,12.5,52.96912114014252,105.93176308243729
2026-02-20 13:24:43,12.5,53.17647058823529,106.230495609319
2026-02-20 13:24:58,12.5,53.41176470588235,106.52922813620071
2026-02-20 13:25:13,12.5,53.64705882352941,106.82796066308244
2026-02-20 13:25:28,12.5,53.84615384615385,107.12669318996416
2026-02-20 13:25:43,12.5,54.07925407925408,107.42542571684588
2026-02-20 13:25:58,12.5,54.312354312354316,107.7241582437276
2026-02-20 13:26:13,12.5,54.50346420323326,108.02289077060932
2026-02-20 13:26:28,12.5,54.734411085450354,108.32162329749104
2026-02-20 13:26:43,12.5,54.96535796766744,108.62035582437277
2026-02-20 13:26:58,12.5,55.19630484988453,108.91908835125449
2026-02-20 13:27:13,12.5,55.37757437070938,109.21782087813621
2026-02-20 13:27:28,12.5,55.60640732265446,109.51655340501793
2026-02-20 13:27:43,12.5,55.83524027459954,109.81528593189965
2026-02-20 13:27:58,12.5,56.00907029478458,110.11401845878136
2026-02-20 13:28:13,12.5,56.235827664399096,110.41275098566308
2026-02-20 13:28:28,12.5,56.4625850340136,110.7114835125448
2026-02-20 13:28:43,12.5,56.62921348314607,111.01021603942652
2026-02-20 13:28:58,12.5,56.853932584269664,111.30894856630825
2026-02-20 13:29:13,12.5,57.078651685393254,111.60768109318997
2026-02-20 13:29:28,12.5,57.30337078651685,111.90641362007169
2026-02-20 13:29:43,12.5,57.46102449888642,112.20514614695341
2026-02-20 13:29:58,12.5,57.6837416481069,112.50387867383513
2026-02-20 13:30:13,12.5,57.906458797327396,112.80261120071685
2026-02-20 13:30:28,12.5,58.05739514348785,113.10134372759858
2026-02-20 13:30:43,12.5,58.27814569536424,113.4000762544803
2026-02-20 13:30:58,12.5,58.498896247240616,113.698808781362
2026-02-20 13:31:13,12.5,58.719646799117,113.99754130824373
2026-02-20 13:31:28,12.5,58.86214442013129,114.29627383512545
2026-02-20 13:31:43,12.5,59.08096280087527,114.59500636200717
2026-02-20 13:31:58,12.5,59.29978118161926,114.89373888888889
2026-02-20 13:32:13,12.5,59.436008676789584,115.19247141577061
2026-02-20 13:32:28,12.5,59.65292841648589,115.49120394265233
2026-02-20 13:32:43,12.5,59.869848156182215,115.78993646953406
2026-02-20 13:32:58,12.5,60.0,116.08866899641578
2026-02-20 13:33:13,12.5,60.215053763440864,116.3874015232975
2026-02-20 13:33:28,12.5,60.43010752688171,116.68613405017922
2026-02-20 13:33:43,12.5,60.64516129032258,116.98486657706094
2026-02-20 13:33:58,12.5,60.76759061833689,117.28359910394265
2026-02-20 13:34:13,12.5,60.98081023454158,117.58233163082437
2026-02-20 13:34:28,12.5,61.19402985074627,117.88106415770609
2026-02-20 13:34:43,12.5,61.31078224101479,118.17979668458781
2026-02-20 13:34:58,12.5,61.52219873150106,118.47852921146954
2026-02-20 13:35:13,12.5,61.733615221987314,118.77726173835126
2026-02-20 13:35:28,12.5,61.84486373165618,119.07599426523298
2026-02-20 13:35:43,12.5,62.05450733752621,119.3747267921147
2026-02-20 13:35:58,12.5,62.264150943396224,119.67345931899642
2026-02-20 13:36:13,12.5,62.473794549266245,119.97219184587814
2026-02-20 13:36:28,12.5,62.57796257796257,120.27092437275986
2026-02-20 13:36:43,12.5,62.78586278586279,120.56965689964159
2026-02-20 13:36:58,12.5,62.99376299376299,120.86838942652331
2026-02-20 13:37:13,12.5,63.092783505154635,121.16712195340502
2026-02-20 13:37:28,12.5,63.298969072164944,121.46585448028674
2026-02-20 13:37:43,12.5,63.50515463917525,121.76458700716846
2026-02-20 13:37:58,12.5,63.59918200408998,122.06331953405018
2026-02-20 13:38:13,12.5,63.80368098159509,122.3620520609319
2026-02-20 13:38:28,12.5,64.0081799591002,122.66078458781362
2026-02-20 13:38:43,25.0,64.21267893660531,122.95951711469534
2026-02-20 13:38:58,25.0,64.3002028397566,123.25824964157707
2026-02-20 13:39:13,25.0,64.50304259634888,123.55698216845879
2026-02-20 13:39:28,25.0,64.70588235294117,123.85571469534051
2026-02-20 13:39:43,25.0,64.7887323943662,124.15444722222223
2026-02-20 13:39:58,25.0,64.98993963782696,124.45317974910395
2026-02-20 13:40:13,25.0,65.19114688128774,124.75191227598566
2026-02-20 13:40:28,25.0,65.26946107784431,125.05064480286738
2026-02-20 13:40:43,25.0,65.46906187624751,125.3493773297491
2026-02-20 13:40:58,25.0,65.6686626746507,125.64810985663082
2026-02-20 13:41:13,25.0,65.86826347305389,125.94684238351255
2026-02-20 13:41:28,25.0,65.94059405940594,126.24557491039427
2026-02-20 13:41:43,25.0,66.13861386138615,126.54430743727599
2026-02-20 13:41:58,25.0,66.33663366336634,126.84303996415771
2026-02-20 13:42:13,25.0,66.40471512770138,127.14177249103943
2026-02-20 13:42:28,25.0,66.60117878192534,127.44050501792115
2026-02-20 13:42:43,25.0,66.7976424361493,127.73923754480288
2026-02-20 13:42:58,25.0,66.8615984405458,128.03797007168458
2026-02-20 13:43:13,25.0,67.05653021442495,128.33670259856632
2026-02-20 13:43:28,25.0,67.2514619883041,128.63543512544803
2026-02-20 13:43:43,25.0,67.44639376218323,128.93416765232973
2026-02-20 13:43:58,25.0,67.50483558994198,129.23290017921147
2026-02-20 13:44:13,25.0,67.69825918762089,129.5316327060932
2026-02-20 13:44:28,25.0,67.8916827852998,129.8303652329749
2026-02-20 13:44:43,25.0,67.94625719769674,130.12909775985662
2026-02-20 13:44:58,25.0,68.13819577735126,130.42783028673836
2026-02-20 13:45:13,25.0,68.33013435700576,130.7265628136201
2026-02-20 13:45:28,25.0,68.38095238095238,131.0252953405018
2026-02-20 13:45:43,25.0,68.57142857142857,131.3240278673835
2026-02-20 13:45:58,25.0,68.76190476190476,131.62276039426524
2026-02-20 13:46:13,25.0,68.95238095238095,131.92149292114698
2026-02-20 13:46:28,25.0,68.99810964083176,132.22022544802866
2026-02-20 13:46:43,25.0,69.18714555765595,132.5189579749104
2026-02-20 13:46:58,25.0,69.37618147448015,132.81769050179213
2026-02-20 13:47:13,25.0,69.41838649155723,133.11642302867384
2026-02-20 13:47:28,25.0,69.60600375234522,133.41515555555557
2026-02-20 13:47:43,25.0,69.7936210131332,133.71388808243728
2026-02-20 13:47:58,25.0,69.83240223463687,134.012620609319
2026-02-20 13:48:13,25.0,70.01862197392924,134.31135313620072
2026-02-20 13:48:28,25.0,70.2048417132216,134.61008566308243
2026-02-20 13:48:43,25.0,70.39106145251397,134.90881818996417
2026-02-20 13:48:58,25.0,70.42513863216267,135.20755071684587
2026-02-20 13:49:13,25.0,70.60998151571165,135.5062832437276
2026-02-20 13:49:28,25.0,70.79482439926062,135.80501577060932
2026-02-20 13:49:43,25.0,70.8256880733945,136.10374829749105
2026-02-20 13:49:58,25.0,71.0091743119266,136.40248082437276
2026-02-20 13:50:13,25.0,71.19266055045873,136.7012133512545
2026-02-20 13:50:28,25.0,71.37614678899082,136.9999458781362
2026-02-20 13:50:43,25.0,71.40255009107467,137.29867840501794
2026-02-20 13:50:58,25.0,71.58469945355192,137.59741093189965
2026-02-20 13:51:13,25.0,71.76684881602914,137.89614345878135
2026-02-20 13:51:28,25.0,71.79023508137432,138.1948759856631
2026-02-20 13:51:43,25.0,71.97106690777576,138.4936085125448
2026-02-20 13:51:58,25.0,72.15189873417721,138.79234103942653
2026-02-20 13:52:13,25.0,72.17235188509873,139.09107356630824
2026-02-20 13:52:28,25.0,72.35188509874327,139.38980609318997
2026-02-20 13:52:43,37.5,72.5314183123878,139.68853862007168
2026-02-20 13:52:58,37.5,72.71095152603232,139.98727114695342
2026-02-20 13:53:13,37.5,72.72727272727273,140.28600367383513
2026-02-20 13:53:28,37.5,72.90552584670232,140.58473620071686
2026-02-20 13:53:43,37.5,73.0837789661319,140.88346872759857
2026-02-20 13:53:58,37.5,73.09734513274336,141.1822012544803
2026-02-20 13:54:13,37.5,73.27433628318583,141.480933781362
2026-02-20 13:54:28,37.5,73.45132743362832,141.77966630824372
2026-02-20 13:54:43,37.5,73.4622144112478,142.07839883512545
2026-02-20 13:54:58,37.5,73.63796133567662,142.37713136200716
2026-02-20 13:55:13,37.5,73.81370826010544,142.6758638888889
2026-02-20 13:55:28,37.5,73.98945518453426,142.9745964157706
2026-02-20 13:55:43,37.5,73.99650959860384,143.27332894265234
2026-02-20 13:55:58,37.5,74.17102966841188,143.57206146953405
2026-02-20 13:56:13,37.5,74.3455497382199,143.87079399641578
2026-02-20 13:56:28,37.5,74.35008665511266,144.1695265232975
2026-02-20 13:56:43,37.5,74.52339688041594,144.46825905017923
2026-02-20 13:56:58,37.5,74.69670710571924,144.76699157706094
2026-02-20 13:57:13,37.5,74.69879518072288,145.06572410394267
2026-02-20 13:57:28,37.5,74.87091222030982,145.36445663082438
2026-02-20 13:57:43,37.5,75.04302925989673,145.66318915770609
2026-02-20 13:57:58,37.5,75.04302925989673,145.96192168458782
2026-02-20 13:58:13,37.5,74.52991452991454,146.26065421146953
2026-02-20 13:58:28,37.5,74.52991452991454,146.55938673835126
2026-02-20 13:58:43,37.5,74.52991452991454,146.85811926523297
2026-02-20 13:58:58,37.5,74.02376910016977,147.1568517921147
2026-02-20 13:59:13,37.5,74.02376910016977,147.45558431899642
2026-02-20 13:59:28,37.5,74.02376910016977,147.75431684587815
2026-02-20 13:59:43,37.5,73.52445193929174,148.05304937275986
2026-02-20 13:59:58,37.5,73.52445193929174,148.3517818996416
2026-02-20 14:00:13,37.5,73.52445193929174,148.36849375969615
2026-02-20 14:00:28,37.5,73.52445193929174,148.34181782485425
2026-02-20 14:00:43,37.5,73.52445193929174,148.3151418900123
2026-02-20 14:00:58,37.5,73.52445193929174,148.2884659551704
2026-02-20 14:01:13,37.5,73.52445193929174,148.26179002032848
2026-02-20 14:01:28,37.5,73.52445193929174,148.23511408548657
2026-02-20 14:01:43,37.5,73.52445193929174,148.20843815064464
2026-02-20 14:01:58,37.5,73.52445193929174,148.1817622158027
2026-02-20 14:02:13,37.5,73.52445193929174,148.1550862809608
2026-02-20 14:02:28,37.5,73.52445193929174,148.12841034611887
2026-02-20 14:02:43,37.5,73.52445193929174,148.10173441127696
2026-02-20 14:02:58,37.5,73.52445193929174,148.07505847643503
2026-02-20 14:03:13,37.5,73.52445193929174,148.04838254159313
2026-02-20 14:03:28,37.5,73.52445193929174,148.0217066067512
2026-02-20 14:03:43,50.0,74.02376910016977,147.9950306719093
2026-02-20 14:03:58,50.0,74.02376910016977,147.96835473706736
2026-02-20 14:04:13,50.0,74.02376910016977,147.94167880222545
2026-02-20 14:04:28,50.0,74.02376910016977,147.91500286738352
2026-02-20 14:04:43,50.0,74.02376910016977,147.88832693254162
2026-02-20 14:04:58,50.0,74.02376910016977,147.86165099769968
2026-02-20 14:05:13,50.0,74.02376910016977,147.83497506285778
2026-02-20 14:05:28,50.0,74.02376910016977,147.80829912801585
2026-02-20 14:05:43,50.0,74.02376910016977,147.78162319317394
2026-02-20 14:05:58,50.0,74.02376910016977,147.754947258332
2026-02-20 14:06:13,50.0,74.02376910016977,147.72827132349008
2026-02-20 14:06:28,50.0,74.02376910016977,147.70159538864817
2026-02-20 14:06:43,50.0,74.02376910016977,147.67491945380624
2026-02-20 14:06:58,50.0,74.02376910016977,147.64824351896434
2026-02-20 14:07:13,50.0,74.02376910016977,147.6215675841224
2026-02-20 14:07:28,50.0,74.02376910016977,147.5948916492805
2026-02-20 14:07:43,50.0,74.02376910016977,147.56821571443857
2026-02-20 14:07:58,50.0,74.02376910016977,147.54153977959666
2026-02-20 14:08:13,50.0,74.02376910016977,147.51486384475473
2026-02-20 14:08:28,50.0,74.02376910016977,147.48818790991282
2026-02-20 14:08:43,50.0,74.02376910016977,147.4615119750709
2026-02-20 14:08:58,50.0,74.02376910016977,147.434836040229
2026-02-20 14:09:13,50.0,74.02376910016977,147.40816010538705
2026-02-20 14:09:28,50.0,74.02376910016977,147.38148417054515
2026-02-20 14:09:43,50.0,74.02376910016977,147.35480823570322
2026-02-20 14:09:58,50.0,74.02376910016977,147.32813230086128
2026-02-20 14:10:13,50.0,74.02376910016977,147.30145636601938
2026-02-20 14:10:28,50.0,74.02376910016977,147.27478043117745
2026-02-20 14:10:43,50.0,74.02376910016977,147.24810449633554
2026-02-20 14:10:58,50.0,74.02376910016977,147.2214285614936
2026-02-20 14:11:13,50.0,74.02376910016977,147.1947526266517
2026-02-20 14:11:28,50.0,74.02376910016977,147.16807669180977
2026-02-20 14:11:43,50.0,74.02376910016977,147.14140075696787
2026-02-20 14:11:58,50.0,74.02376910016977,147.11472482212594
2026-02-20 14:12:13,50.0,74.02376910016977,147.08804888728403
2026-02-20 14:12:28,50.0,74.02376910016977,147.0613729524421
2026-02-20 14:12:43,50.0,74.02376910016977,147.0346970176002
2026-02-20 14:12:58,50.0,74.02376910016977,147.00802108275826
2026-02-20 14:13:13,50.0,74.52991452991454,146.98134514791636
2026-02-20 14:13:28,50.0,74.52991452991454,146.95466921307442
2026-02-20 14:13:43,50.0,74.52991452991454,146.92799327823252
2026-02-20 14:13:58,50.0,74.52991452991454,146.9013173433906
2026-02-20 14:14:13,50.0,74.52991452991454,146.87464140854865
2026-02-20 14:14:28,50.0,74.52991452991454,146.84796547370675
2026-02-20 14:14:43,50.0,74.52991452991454,146.82128953886482
2026-02-20 14:14:58,50.0,74.52991452991454,146.7946136040229
2026-02-20 14:15:13,50.0,74.52991452991454,146.76793766918098
2026-02-20 14:15:28,50.0,74.52991452991454,146.74126173433908
2026-02-20 14:15:43,50.0,74.52991452991454,146.71458579949714
2026-02-20 14:15:58,50.0,74.52991452991454,146.68790986465524
2026-02-20 14:16:13,50.0,74.52991452991454,146.6612339298133
2026-02-20 14:16:28,62.5,74.52991452991454,146.6345579949714
2026-02-20 14:16:43,62.5,74.52991452991454,146.60788206012947
2026-02-20 14:16:58,62.5,74.52991452991454,146.58120612528757
2026-02-20 14:17:13,62.5,74.52991452991454,146.55453019044563
2026-02-20 14:17:28,62.5,74.52991452991454,146.52785425560373
2026-02-20 14:17:43,62.5,74.52991452991454,146.5011783207618
2026-02-20 14:17:58,62.5,74.52991452991454,146.47450238591986
2026-02-20 14:18:13,62.5,74.52991452991454,146.44782645107796
2026-02-20 14:18:28,62.5,74.52991452991454,146.42115051623603
2026-02-20 14:18:43,62.5,74.52991452991454,146.39447458139412
2026-02-20 14:18:58,62.5,74.52991452991454,146.3677986465522
2026-02-20 14:19:13,62.5,74.52991452991454,146.34112271171028
2026-02-20 14:19:28,62.5,74.52991452991454,146.31444677686835
2026-02-20 14:19:43,62.5,74.52991452991454,146.28777084202645
2026-02-20 14:19:58,62.5,74.52991452991454,146.2610949071845
2026-02-20 14:20:13,62.5,74.52991452991454,146.2344189723426
2026-02-20 14:20:28,62.5,74.52991452991454,146.20774303750068
2026-02-20 14:20:43,62.5,74.52991452991454,146.18106710265877
2026-02-20 14:20:58,62.5,74.52991452991454,146.15439116781684
2026-02-20 14:21:13,62.5,74.52991452991454,146.12771523297494
2026-02-20 14:21:28,62.5,74.52991452991454,146.101039298133
2026-02-20 14:21:43,62.5,74.52991452991454,146.0743633632911
2026-02-20 14:21:58,62.5,74.52991452991454,146.04768742844917
2026-02-20 14:22:13,62.5,74.52991452991454,146.02101149360723
2026-02-20 14:22:28,62.5,74.52667814113597,145.99433555876533
2026-02-20 14:22:43,62.5,74.35456110154905,145.9676596239234
2026-02-20 14:22:58,62.5,74.18244406196214,145.9409836890815
2026-02-20 14:23:13,62.5,74.01032702237521,145.91430775423956
2026-02-20 14:23:28,62.5,73.8382099827883,145.88763181939765
2026-02-20 14:23:43,62.5,73.66609294320138,145.86095588455572
2026-02-20 14:23:58,62.5,73.49397590361446,145.83427994971382
2026-02-20 14:24:13,62.5,73.32185886402753,145.80760401487188
2026-02-20 14:24:28,62.5,73.14974182444061,145.78092808002998
2026-02-20 14:24:43,62.5,72.9776247848537,145.75425214518805
2026-02-20 14:24:58,62.5,72.80550774526678,145.72757621034614
2026-02-20 14:25:13,62.5,72.63339070567987,145.7009002755042
2026-02-20 14:25:28,62.5,72.46127366609294,145.6742243406623
2026-02-20 14:25:43,62.5,72.28915662650603,145.64754840582037
2026-02-20 14:25:58,62.5,72.1170395869191,145.62087247097844
2026-02-20 14:26:13,62.5,71.9449225473322,145.59419653613654
2026-02-20 14:26:28,62.5,71.77280550774526,145.5675206012946
2026-02-20 14:26:43,62.5,71.60068846815835,145.5408446664527
2026-02-20 14:26:58,62.5,71.42857142857143,145.51416873161077
2026-02-20 14:27:13,62.5,71.25645438898451,145.48749279676886
2026-02-20 14:27:28,62.5,71.08433734939759,145.46081686192693
2026-02-20 14:27:43,62.5,70.91222030981066,145.43414092708502
2026-02-20 14:27:58,62.5,70.74010327022376,145.4074649922431
2026-02-20 14:28:13,62.5,70.56798623063683,145.3807890574012
2026-02-20 14:28:28,62.5,70.39586919104991,145.35411312255926
2026-02-20 14:28:43,62.5,70.22375215146299,145.32743718771735
2026-02-20 14:28:58,62.5,70.05163511187608,145.30076125287542
2026-02-20 14:29:13,62.5,69.87951807228916,145.2740853180335
2026-02-20 14:29:28,62.5,69.70740103270224,145.24740938319158
2026-02-20 14:29:43,62.5,69.53528399311531,145.22073344834968
2026-02-20 14:29:58,62.5,69.3631669535284,145.19405751350774
2026-02-20 14:30:13,62.5,69.19104991394148,145.1673815786658
2026-02-20 14:30:28,62.5,69.01893287435456,145.1407056438239
2026-02-20 14:30:43,62.5,68.84681583476764,145.11402970898197
2026-02-20 14:30:58,62.5,68.67469879518072,145.08735377414007
2026-02-20 14:31:13,62.5,68.50258175559381,145.06067783929814
2026-02-20 14:31:28,62.5,68.50258175559381,145.03400190445623
2026-02-20 14:31:43,62.5,68.50258175559381,145.0073259696143
2026-02-20 14:31:58,62.5,68.97746967071056,144.9806500347724
2026-02-20 14:32:13,62.5,68.97746967071056,144.95397409993046
2026-02-20 14:32:28,62.5,68.97746967071056,144.92729816508856
2026-02-20 14:32:43,62.5,68.97746967071056,144.90062223024663
2026-02-20 14:32:58,62.5,68.97746967071056,144.87394629540472
2026-02-20 14:33:13,62.5,68.97746967071056,144.8472703605628
2026-02-20 14:33:28,62.5,68.97746967071056,144.82059442572088
2026-02-20 14:33:43,62.5,68.97746967071056,144.79391849087895
2026-02-20 14:33:58,62.5,68.97746967071056,144.76724255603705
2026-02-20 14:34:13,62.5,68.97746967071056,144.74056662119511
2026-02-20 14:34:28,75.0,68.97746967071056,144.71389068635318
2026-02-20 14:34:43,75.0,69.15077989601387,144.68721475151128
2026-02-20 14:34:58,75.0,69.32409012131716,144.66053881666934
2026-02-20 14:35:13,75.0,69.49740034662045,144.63386288182744
2026-02-20 14:35:28,75.0,69.67071057192375,144.6071869469855
2026-02-20 14:35:43,75.0,69.84402079722703,144.5805110121436
2026-02-20 14:35:58,75.0,70.01733102253033,144.55383507730167
2026-02-20 14:36:13,75.0,70.19064124783363,144.52715914245977
2026-02-20 14:36:28,75.0,70.36395147313691,144.50048320761783
2026-02-20 14:36:43,75.0,70.53726169844022,144.47380727277593
2026-02-20 14:36:58,75.0,70.7105719237435,144.447131337934
2026-02-20 14:37:13,75.0,70.8838821490468,144.4204554030921
2026-02-20 14:37:28,75.0,71.05719237435008,144.39377946825016
2026-02-20 14:37:43,75.0,71.23050259965338,144.36710353340825
2026-02-20 14:37:58,75.0,71.40381282495667,144.34042759856632
2026-02-20 14:38:13,75.0,71.57712305025996,144.3137516637244
2026-02-20 14:38:28,75.0,71.75043327556327,144.28707572888248
2026-02-20 14:38:43,75.0,71.92374350086655,144.26039979404055
2026-02-20 14:38:58,75.0,72.09705372616985,144.23372385919865
2026-02-20 14:39:13,75.0,72.27036395147314,144.20704792435671
2026-02-20 14:39:28,75.0,72.44367417677643,144.1803719895148
2026-02-20 14:39:43,75.0,72.61698440207972,144.15369605467288
2026-02-20 14:39:58,75.0,72.790294627383,144.12702011983097
2026-02-20 14:40:13,75.0,72.9636048526863,144.10034418498904
2026-02-20 14:40:28,75.0,73.13691507798961,144.07366825014714
2026-02-20 14:40:43,75.0,73.3102253032929,144.0469923153052
2026-02-20 14:40:58,75.0,73.48353552859619,144.0203163804633
2026-02-20 14:41:13,75.0,73.82198952879581,143.99364044562137
2026-02-20 14:41:28,75.0,73.99650959860384,143.96696451077946
2026-02-20 14:41:43,75.0,74.17102966841188,143.94028857593753
2026-02-20 14:41:58,75.0,74.3455497382199,143.9136126410956
2026-02-20 14:42:13,75.0,74.52006980802793,143.8869367062537
2026-02-20 14:42:28,75.0,74.69458987783595,143.86026077141176
2026-02-20 14:42:43,75.0,74.69458987783595,143.83358483656986
2026-02-20 14:42:58,75.0,74.69458987783595,143.80690890172792
2026-02-20 14:43:13,75.0,74.69458987783595,143.78023296688602
2026-02-20 14:43:28,75.0,74.69458987783595,143.75355703204409
2026-02-20 14:43:43,75.0,74.69458987783595,143.72688109720218
2026-02-20 14:43:58,75.0,74.69458987783595,143.70020516236025
2026-02-20 14:44:13,75.0,74.69458987783595,143.67352922751834
2026-02-20 14:44:28,75.0,74.69458987783595,143.6468532926764
2026-02-20 14:44:43,75.0,74.69458987783595,143.6201773578345
2026-02-20 14:44:58,75.0,74.69458987783595,143.59350142299257
2026-02-20 14:45:13,75.0,74.69458987783595,143.56682548815067
2026-02-20 14:45:28,75.0,74.69458987783595,143.54014955330874
2026-02-20 14:45:43,75.0,74.69458987783595,143.51347361846683
2026-02-20 14:45:58,75.0,74.69458987783595,143.4867976836249
2026-02-20 14:46:13,75.0,74.69458987783595,143.46012174878297
2026-02-20 14:46:28,75.0,74.69458987783595,143.43344581394106
2026-02-20 14:46:43,75.0,74.69458987783595,143.40676987909913
2026-02-20 14:46:58,75.0,74.69458987783595,143.38009394425723
2026-02-20 14:47:13,75.0,74.69458987783595,143.3534180094153
2026-02-20 14:47:28,75.0,74.69458987783595,143.3267420745734
2026-02-20 14:47:43,75.0,74.69458987783595,143.30006613973146
2026-02-20 14:47:58,75.0,74.69458987783595,143.27339020488955
2026-02-20 14:48:13,75.0,74.69458987783595,143.24671427004762
2026-02-20 14:48:28,75.0,74.69458987783595,143.22003833520571
2026-02-20 14:48:43,75.0,74.69458987783595,143.19336240036378
2026-02-20 14:48:58,75.0,74.69458987783595,143.16668646552188
2026-02-20 14:49:13,75.0,74.69458987783595,143.14001053067994
2026-02-20 14:49:28,75.0,74.69458987783595,143.11333459583804
2026-02-20 14:49:43,75.0,74.69458987783595,143.0866586609961
2026-02-20 14:49:58,75.0,74.69458987783595,143.0599827261542
2026-02-20 14:50:13,75.0,74.69458987783595,143.03330679131227
2026-02-20 14:50:28,75.0,74.69458987783595,143.00663085647034
2026-02-20 14:50:43,75.0,74.51669595782073,142.97995492162843
2026-02-20 14:50:58,75.0,74.51669595782073,142.9532789867865
2026-02-20 14:51:13,75.0,74.51669595782073,142.9266030519446
2026-02-20 14:51:28,75.0,74.51669595782073,142.89992711710266
2026-02-20 14:51:43,75.0,74.51669595782073,142.87325118226076
2026-02-20 14:51:58,75.0,74.51669595782073,142.84657524741883
2026-02-20 14:52:13,75.0,74.51669595782073,142.81989931257692
2026-02-20 14:52:28,75.0,74.51669595782073,142.793223377735
2026-02-20 14:52:43,75.0,74.51669595782073,142.76654744289308
2026-02-20 14:52:58,75.0,74.51669595782073,142.73987150805115
2026-02-20 14:53:13,75.0,74.51669595782073,142.71319557320925
2026-02-20 14:53:28,75.0,74.51669595782073,142.68651963836732
2026-02-20 14:53:43,75.0,74.51669595782073,142.6598437035254
2026-02-20 14:53:58,75.0,74.51669595782073,142.63316776868348
2026-02-20 14:54:13,75.0,74.51669595782073,142.60649183384155
2026-02-20 14:54:28,75.0,74.51669595782073,142.57981589899964
2026-02-20 14:54:43,75.0,74.51669595782073,142.5531399641577
2026-02-20 14:54:58,75.0,74.51669595782073,142.5264640293158
2026-02-20 14:55:13,75.0,74.51669595782073,142.49978809447387
2026-02-20 14:55:28,75.0,74.51669595782073,142.47311215963197
2026-02-20 14:55:43,75.0,74.51669595782073,142.44643622479003
2026-02-20 14:55:58,75.0,74.51669595782073,142.41976028994813
2026-02-20 14:56:13,75.0,74.51669595782073,142.3930843551062
2026-02-20 14:56:28,75.0,74.51669595782073,142.3664084202643
2026-02-20 14:56:43,75.0,74.51669595782073,142.33973248542236
2026-02-20 14:56:58,75.0,74.51669595782073,142.31305655058046
2026-02-20 14:57:13,75.0,74.51669595782073,142.28638061573852
2026-02-20 14:57:28,75.0,74.51669595782073,142.25970468089662
2026-02-20 14:57:43,75.0,74.51669595782073,142.23302874605469
2026-02-20 14:57:58,75.0,74.51669595782073,142.20635281121275
2026-02-20 14:58:13,75.0,74.51669595782073,142.17967687637085
2026-02-20 14:58:28,75.0,74.51669595782073,142.15300094152892
2026-02-20 14:58:43,75.0,74.51669595782073,142.126325006687
2026-02-20 14:58:58,75.0,74.51669595782073,142.09964907184508
2026-02-20 14:59:13,75.0,74.51669595782073,142.07297313700317
2026-02-20 14:59:28,75.0,74.51669595782073,142.04629720216124
2026-02-20 14:59:43,75.0,74.51669595782073,142.01962126731934
2026-02-20 14:59:58,75.0,74.33628318584071,141.9929453324774
2026-02-20 15:00:13,75.0,74.33628318584071,141.9662693976355
2026-02-20 15:00:28,75.0,74.33628318584071,141.93959346279357
2026-02-20 15:00:43,75.0,74.33628318584071,141.91291752795166
2026-02-20 15:00:58,75.0,74.33628318584071,141.88624159310973
2026-02-20 15:01:13,75.0,74.33628318584071,141.85956565826783
2026-02-20 15:01:28,75.0,74.33628318584071,141.8328897234259
2026-02-20 15:01:43,75.0,74.33628318584071,141.806213788584
2026-02-20 15:01:58,75.0,74.33628318584071,141.77953785374206
2026-02-20 15:02:13,75.0,74.33628318584071,141.75286191890012
2026-02-20 15:02:28,75.0,74.33628318584071,141.72618598405822
2026-02-20 15:02:43,75.0,74.33628318584071,141.6995100492163
2026-02-20 15:02:58,75.0,74.33628318584071,141.67283411437438
2026-02-20 15:03:13,75.0,74.33628318584071,141.64615817953245
2026-02-20 15:03:28,75.0,74.33628318584071,141.61948224469054
2026-02-20 15:03:43,75.0,74.33628318584071,141.5928063098486
2026-02-20 15:03:58,75.0,74.33628318584071,141.5661303750067
2026-02-20 15:04:13,75.0,74.33628318584071,141.53945444016477
2026-02-20 15:04:28,75.0,74.33628318584071,141.51277850532287
2026-02-20 15:04:43,75.0,74.33628318584071,141.48610257048094
2026-02-20 15:04:58,75.0,74.33628318584071,141.45942663563903
2026-02-20 15:05:13,75.0,74.33628318584071,141.4327507007971
2026-02-20 15:05:28,75.0,74.33628318584071,141.4060747659552
2026-02-20 15:05:43,75.0,74.33628318584071,141.37939883111326
2026-02-20 15:05:58,75.0,74.33628318584071,141.35272289627136
2026-02-20 15:06:13,75.0,74.33628318584071,141.32604696142943
2026-02-20 15:06:28,75.0,74.33628318584071,141.2993710265875
2026-02-20 15:06:43,75.0,74.33628318584071,141.2726950917456
2026-02-20 15:06:58,75.0,74.33628318584071,141.24601915690366
2026-02-20 15:07:13,75.0,74.33628318584071,141.21934322206175
2026-02-20 15:07:28,75.0,74.33628318584071,141.19266728721982
2026-02-20 15:07:43,75.0,74.33628318584071,141.16599135237792
2026-02-20 15:07:58,75.0,74.33628318584071,141.13931541753598
2026-02-20 15:08:13,75.0,74.33628318584071,141.11263948269408
2026-02-20 15:08:28,75.0,74.33628318584071,141.08596354785215
2026-02-20 15:08:43,75.0,74.33628318584071,141.05928761301024
2026-02-20 15:08:58,75.0,74.33628318584071,141.0326116781683
2026-02-20 15:09:13,75.0,74.33628318584071,141.0059357433264
2026-02-20 15:09:28,75.0,74.15329768270945,140.97925980848447
2026-02-20 15:09:43,75.0,74.15329768270945,140.95258387364257
2026-02-20 15:09:58,75.0,74.15329768270945,140.92590793880063
2026-02-20 15:10:13,75.0,74.15329768270945,140.8992320039587
2026-02-20 15:10:28,75.0,74.15329768270945,140.8725560691168
2026-02-20 15:10:43,75.0,74.15329768270945,140.84588013427486
2026-02-20 15:10:58,75.0,74.15329768270945,140.81920419943296
2026-02-20 15:11:13,75.0,74.15329768270945,140.79252826459103
2026-02-20 15:11:28,75.0,74.15329768270945,140.76585232974912
2026-02-20 15:11:43,75.0,74.15329768270945,140.7391763949072
2026-02-20 15:11:58,75.0,74.15329768270945,140.71250046006529
2026-02-20 15:12:13,75.0,74.15329768270945,140.68582452522335
2026-02-20 15:12:28,75.0,74.15329768270945,140.65914859038145
2026-02-20 15:12:43,75.0,74.15329768270945,140.63247265553952
2026-02-20 15:12:58,75.0,74.15329768270945,140.6057967206976
2026-02-20 15:13:13,75.0,74.15329768270945,140.57912078585568
2026-02-20 15:13:28,75.0,74.15329768270945,140.55244485101377
2026-02-20 15:13:43,75.0,74.15329768270945,140.52576891617184
2026-02-20 15:13:58,75.0,74.15329768270945,140.4990929813299
2026-02-20 15:14:13,75.0,74.15329768270945,140.472417046488
2026-02-20 15:14:28,75.0,74.15329768270945,140.44574111164607
2026-02-20 15:14:43,75.0,74.15329768270945,140.41906517680417
2026-02-20 15:14:58,75.0,74.15329768270945,140.39238924196223
2026-02-20 15:15:13,75.0,74.15329768270945,140.36571330712033
2026-02-20 15:15:28,75.0,74.15329768270945,140.3390373722784
2026-02-20 15:15:43,75.0,74.15329768270945,140.3123614374365
2026-02-20 15:15:58,75.0,74.15329768270945,140.28568550259456
2026-02-20 15:16:13,75.0,74.15329768270945,140.25900956775266
2026-02-20 15:16:28,75.0,74.15329768270945,140.23233363291072
2026-02-20 15:16:43,75.0,74.15329768270945,140.20565769806882
2026-02-20 15:16:58,75.0,74.15329768270945,140.1789817632269
2026-02-20 15:17:13,75.0,74.15329768270945,140.15230582838498
2026-02-20 15:17:28,75.0,74.15329768270945,140.12562989354305
2026-02-20 15:17:43,75.0,74.15329768270945,140.09895395870114
2026-02-20 15:17:58,75.0,74.15329768270945,140.0722780238592
2026-02-20 15:18:13,75.0,74.15329768270945,140.04560208901728
2026-02-20 15:18:28,75.0,74.15329768270945,140.01892615417538
2026-02-20 15:18:43,75.0,73.96768402154399,139.99225021933344
2026-02-20 15:18:58,75.0,73.96768402154399,139.96557428449154
2026-02-20 15:19:13,75.0,73.96768402154399,139.9388983496496
2026-02-20 15:19:28,75.0,73.96768402154399,139.9122224148077
2026-02-20 15:19:43,75.0,73.96768402154399,139.88554647996577
2026-02-20 15:19:58,75.0,73.96768402154399,139.85887054512386
2026-02-20 15:20:13,75.0,73.96768402154399,139.83219461028193
2026-02-20 15:20:28,75.0,73.96768402154399,139.80551867544003
2026-02-20 15:20:43,75.0,73.96768402154399,139.7788427405981
2026-02-20 15:20:58,75.0,73.96768402154399,139.7521668057562
2026-02-20 15:21:13,75.0,73.96768402154399,139.72549087091426
2026-02-20 15:21:28,75.0,73.96768402154399,139.69881493607235
2026-02-20 15:21:43,75.0,73.96768402154399,139.67213900123042
2026-02-20 15:21:58,75.0,73.96768402154399,139.64546306638852
2026-02-20 15:22:13,75.0,73.96768402154399,139.61878713154658
2026-02-20 15:22:28,75.0,73.96768402154399,139.59211119670465
2026-02-20 15:22:43,75.0,73.96768402154399,139.56543526186275
2026-02-20 15:22:58,75.0,73.96768402154399,139.5387593270208
2026-02-20 15:23:13,75.0,73.96768402154399,139.5120833921789
2026-02-20 15:23:28,75.0,73.96768402154399,139.48540745733698
2026-02-20 15:23:43,75.0,73.96768402154399,139.45873152249507
2026-02-20 15:23:58,75.0,73.96768402154399,139.43205558765314
2026-02-20 15:24:13,75.0,73.96768402154399,139.40537965281123
2026-02-20 15:24:28,75.0,73.96768402154399,139.3787037179693
2026-02-20 15:24:43,62.5,73.96768402154399,139.3520277831274
2026-02-20 15:24:58,62.5,73.96768402154399,139.32535184828546
2026-02-20 15:25:13,62.5,73.96768402154399,139.29867591344356
2026-02-20 15:25:28,62.5,73.96768402154399,139.27199997860163
2026-02-20 15:25:43,62.5,73.96768402154399,139.24532404375972
2026-02-20 15:25:58,62.5,73.96768402154399,139.2186481089178
2026-02-20 15:26:13,62.5,73.96768402154399,139.1919721740759
2026-02-20 15:26:28,62.5,73.96768402154399,139.16529623923395
2026-02-20 15:26:43,62.5,73.96768402154399,139.13862030439202
2026-02-20 15:26:58,62.5,73.96768402154399,139.11194436955012
2026-02-20 15:27:13,62.5,73.96768402154399,139.08526843470818
2026-02-20 15:27:28,62.5,73.96768402154399,139.05859249986628
2026-02-20 15:27:43,62.5,73.96768402154399,139.03191656502435
2026-02-20 15:27:58,62.5,73.96768402154399,139.00524063018244
2026-02-20 15:28:13,62.5,73.77938517179024,138.9785646953405
2026-02-20 15:28:28,62.5,73.77938517179024,138.9518887604986
2026-02-20 15:28:43,62.5,73.77938517179024,138.92521282565667
2026-02-20 15:28:58,62.5,73.77938517179024,138.89853689081477
2026-02-20 15:29:13,62.5,73.77938517179024,138.87186095597283
2026-02-20 15:29:28,62.5,73.77938517179024,138.84518502113093
2026-02-20 15:29:43,62.5,73.77938517179024,138.818509086289
2026-02-20 15:29:58,62.5,73.77938517179024,138.79183315144707
2026-02-20 15:30:13,62.5,73.77938517179024,138.76515721660516
2026-02-20 15:30:28,62.5,73.77938517179024,138.73848128176323
2026-02-20 15:30:43,62.5,73.77938517179024,138.71180534692132
2026-02-20 15:30:58,62.5,73.77938517179024,138.6851294120794
2026-02-20 15:31:13,62.5,73.77938517179024,138.6584534772375
2026-02-20 15:31:28,62.5,73.77938517179024,138.63177754239555
2026-02-20 15:31:43,62.5,73.77938517179024,138.60510160755365
2026-02-20 15:31:58,62.5,73.77938517179024,138.57842567271172
2026-02-20 15:32:13,62.5,73.77938517179024,138.5517497378698
2026-02-20 15:32:28,62.5,73.77938517179024,138.52507380302788
2026-02-20 15:32:43,62.5,73.77938517179024,138.49839786818598
2026-02-20 15:32:58,62.5,73.77938517179024,138.47172193334404
2026-02-20 15:33:13,62.5,73.77938517179024,138.44504599850214
2026-02-20 15:33:28,62.5,73.77938517179024,138.4183700636602
2026-02-20 15:33:43,62.5,73.77938517179024,138.3916941288183
2026-02-20 15:33:58,62.5,73.77938517179024,138.36501819397637
2026-02-20 15:34:13,62.5,73.77938517179024,138.33834225913444
2026-02-20 15:34:28,62.5,73.77938517179024,138.31166632429253
2026-02-20 15:34:43,62.5,73.77938517179024,138.2849903894506
2026-02-20 15:34:58,62.5,73.77938517179024,138.2583144546087
2026-02-20 15:35:13,62.5,73.77938517179024,138.23163851976676
2026-02-20 15:35:28,62.5,73.77938517179024,138.20496258492486
2026-02-20 15:35:43,62.5,73.77938517179024,138.17828665008292
2026-02-20 15:35:58,50.0,73.77938517179024,138.15161071524102
2026-02-20 15:36:13,50.0,73.77938517179024,138.1249347803991
2026-02-20 15:36:28,50.0,73.77938517179024,138.09825884555718
2026-02-20 15:36:43,50.0,73.77938517179024,138.07158291071525
2026-02-20 15:36:58,50.0,73.77938517179024,138.04490697587335
2026-02-20 15:37:13,50.0,73.77938517179024,138.0182310410314
2026-02-20 15:37:28,50.0,73.58834244080145,137.9915551061895
2026-02-20 15:37:43,50.0,73.58834244080145,137.96487917134758
2026-02-20 15:37:58,50.0,73.58834244080145,137.93820323650567
2026-02-20 15:38:13,50.0,73.58834244080145,137.91152730166374
2026-02-20 15:38:28,50.0,73.58834244080145,137.8848513668218
2026-02-20 15:38:43,50.0,73.58834244080145,137.8581754319799
2026-02-20 15:38:58,50.0,73.58834244080145,137.83149949713797
2026-02-20 15:39:13,50.0,73.58834244080145,137.80482356229606
2026-02-20 15:39:28,50.0,73.58834244080145,137.77814762745413
2026-02-20 15:39:43,50.0,73.58834244080145,137.75147169261223
2026-02-20 15:39:58,50.0,73.58834244080145,137.7247957577703
2026-02-20 15:40:13,50.0,73.58834244080145,137.6981198229284
2026-02-20 15:40:28,50.0,73.58834244080145,137.67144388808646
2026-02-20 15:40:43,50.0,73.58834244080145,137.64476795324455
2026-02-20 15:40:58,50.0,73.58834244080145,137.61809201840262
2026-02-20 15:41:13,50.0,73.58834244080145,137.59141608356072
2026-02-20 15:41:28,50.0,73.58834244080145,137.56474014871878
2026-02-20 15:41:43,50.0,73.58834244080145,137.53806421387688
2026-02-20 15:41:58,50.0,73.58834244080145,137.51138827903495
2026-02-20 15:42:13,50.0,73.58834244080145,137.48471234419304
2026-02-20 15:42:28,50.0,73.58834244080145,137.4580364093511
2026-02-20 15:42:43,50.0,73.58834244080145,137.43136047450918
2026-02-20 15:42:58,50.0,73.58834244080145,137.40468453966727
2026-02-20 15:43:13,50.0,73.58834244080145,137.37800860482534
2026-02-20 15:43:28,50.0,73.58834244080145,137.35133266998344
2026-02-20 15:43:43,50.0,73.58834244080145,137.3246567351415
2026-02-20 15:43:58,50.0,73.58834244080145,137.2979808002996
2026-02-20 15:44:13,50.0,73.58834244080145,137.27130486545767
2026-02-20 15:44:28,50.0,73.58834244080145,137.24462893061576
2026-02-20 15:44:43,50.0,73.58834244080145,137.21795299577383
2026-02-20 15:44:58,50.0,73.58834244080145,137.19127706093192
2026-02-20 15:45:13,50.0,73.58834244080145,137.16460112609
2026-02-20 15:45:28,50.0,73.58834244080145,137.1379251912481
2026-02-20 15:45:43,50.0,73.58834244080145,137.11124925640615
2026-02-20 15:45:58,50.0,73.58834244080145,137.08457332156422
2026-02-20 15:46:13,50.0,73.58834244080145,137.05789738672232
2026-02-20 15:46:28,50.0,73.58834244080145,137.03122145188038
2026-02-20 15:46:43,50.0,73.58834244080145,137.00454551703848
2026-02-20 15:46:58,50.0,73.39449541284404,136.97786958219655
2026-02-20 15:47:13,50.0,73.39449541284404,136.95119364735464
2026-02-20 15:47:28,50.0,73.39449541284404,136.9245177125127
2026-02-20 15:47:43,50.0,73.39449541284404,136.8978417776708
2026-02-20 15:47:58,50.0,73.39449541284404,136.87116584282887
2026-02-20 15:48:13,50.0,73.39449541284404,136.84448990798697
2026-02-20 15:48:28,50.0,73.39449541284404,136.81781397314504
2026-02-20 15:48:43,50.0,73.39449541284404,136.79113803830313
2026-02-20 15:48:58,50.0,73.39449541284404,136.7644621034612
2026-02-20 15:49:13,50.0,73.39449541284404,136.7377861686193
2026-02-20 15:49:28,50.0,73.39449541284404,136.71111023377736
2026-02-20 15:49:43,50.0,73.39449541284404,136.68443429893546
2026-02-20 15:49:58,50.0,73.39449541284404,136.65775836409352
2026-02-20 15:50:13,50.0,73.39449541284404,136.6310824292516
2026-02-20 15:50:28,50.0,73.39449541284404,136.6044064944097
2026-02-20 15:50:43,50.0,73.39449541284404,136.57773055956775
2026-02-20 15:50:58,50.0,73.39449541284404,136.55105462472585
2026-02-20 15:51:13,50.0,73.39449541284404,136.52437868988392
2026-02-20 15:51:28,50.0,73.39449541284404,136.497702755042
2026-02-20 15:51:43,50.0,73.39449541284404,136.47102682020008
2026-02-20 15:51:58,50.0,73.39449541284404,136.44435088535818
2026-02-20 15:52:13,50.0,73.39449541284404,136.41767495051624
2026-02-20 15:52:28,50.0,73.39449541284404,136.39099901567434
2026-02-20 15:52:43,50.0,73.39449541284404,136.3643230808324
2026-02-20 15:52:58,50.0,73.39449541284404,136.3376471459905
2026-02-20 15:53:13,50.0,73.39449541284404,136.31097121114857
2026-02-20 15:53:28,50.0,73.39449541284404,136.28429527630666
2026-02-20 15:53:43,50.0,73.39449541284404,136.25761934146473
2026-02-20 15:53:58,50.0,73.39449541284404,136.23094340662283
2026-02-20 15:54:13,50.0,73.39449541284404,136.2042674717809
2026-02-20 15:54:28,50.0,73.39449541284404,136.17759153693896
2026-02-20 15:54:43,50.0,73.39449541284404,136.15091560209706
2026-02-20 15:54:58,50.0,73.39449541284404,136.12423966725513
2026-02-20 15:55:13,50.0,73.39449541284404,136.09756373241322
2026-02-20 15:55:28,50.0,73.39449541284404,136.0708877975713
2026-02-20 15:55:43,50.0,73.39449541284404,136.04421186272938
2026-02-20 15:55:58,50.0,73.39449541284404,136.01753592788745
2026-02-20 15:56:13,50.0,73.19778188539742,135.99085999304555
2026-02-20 15:56:28,50.0,73.19778188539742,135.9641840582036
2026-02-20 15:56:43,50.0,73.19778188539742,135.9375081233617
2026-02-20 15:56:58,50.0,73.19778188539742,135.91083218851978
2026-02-20 15:57:13,50.0,73.19778188539742,135.88415625367787
2026-02-20 15:57:28,50.0,73.19778188539742,135.85748031883594
2026-02-20 15:57:43,50.0,73.19778188539742,135.83080438399404
2026-02-20 15:57:58,50.0,73.19778188539742,135.8041284491521
2026-02-20 15:58:13,50.0,73.19778188539742,135.7774525143102
2026-02-20 15:58:28,50.0,73.19778188539742,135.75077657946827
2026-02-20 15:58:43,50.0,73.19778188539742,135.72410064462633
2026-02-20 15:58:58,50.0,73.19778188539742,135.69742470978443
2026-02-20 15:59:13,50.0,73.19778188539742,135.6707487749425
2026-02-20 15:59:28,50.0,73.19778188539742,135.6440728401006
2026-02-20 15:59:43,50.0,73.19778188539742,135.61739690525866
2026-02-20 15:59:58,50.0,73.19778188539742,135.59072097041675
2026-02-20 16:00:13,50.0,73.19778188539742,135.58175633155116
2026-02-20 16:00:28,62.5,73.19778188539742,135.57551650745117
2026-02-20 16:00:43,62.5,73.19778188539742,135.5692766833512
2026-02-20 16:00:58,62.5,73.19778188539742,135.5630368592512
2026-02-20 16:01:13,62.5,73.19778188539742,135.55679703515122
2026-02-20 16:01:28,62.5,73.19778188539742,135.55055721105123
2026-02-20 16:01:43,62.5,73.19778188539742,135.54431738695126
2026-02-20 16:01:58,62.5,73.19778188539742,135.53807756285127
2026-02-20 16:02:13,62.5,73.19778188539742,135.53183773875128
2026-02-20 16:02:28,62.5,73.19778188539742,135.52559791465129
2026-02-20 16:02:43,62.5,73.19778188539742,135.51935809055132
2026-02-20 16:02:58,62.5,73.19778188539742,135.51311826645133
2026-02-20 16:03:13,62.5,73.19778188539742,135.50687844235134
2026-02-20 16:03:28,62.5,73.19778188539742,135.50063861825134
2026-02-20 16:03:43,62.5,73.19778188539742,135.49439879415135
2026-02-20 16:03:58,62.5,73.19778188539742,135.4881589700514
2026-02-20 16:04:13,62.5,73.19778188539742,135.4819191459514
2026-02-20 16:04:28,62.5,73.19778188539742,135.4756793218514
2026-02-20 16:04:43,62.5,73.19778188539742,135.4694394977514
2026-02-20 16:04:58,62.5,73.19778188539742,135.46319967365145
2026-02-20 16:05:13,62.5,73.19778188539742,135.45695984955145
2026-02-20 16:05:28,62.5,73.19778188539742,135.45072002545146
2026-02-20 16:05:43,62.5,73.19778188539742,135.44448020135147
2026-02-20 16:05:58,62.5,73.19778188539742,135.43824037725147
2026-02-20 16:06:13,62.5,73.19778188539742,135.4320005531515
2026-02-20 16:06:28,62.5,73.19778188539742,135.42576072905152
2026-02-20 16:06:43,62.5,73.19778188539742,135.41952090495153
2026-02-20 16:06:58,62.5,73.19778188539742,135.41328108085153
2026-02-20 16:07:13,62.5,73.19778188539742,135.40704125675157
2026-02-20 16:07:28,62.5,73.19778188539742,135.40080143265158
2026-02-20 16:07:43,62.5,73.19778188539742,135.39456160855158
2026-02-20 16:07:58,62.5,73.19778188539742,135.3883217844516
2026-02-20 16:08:13,62.5,73.19778188539742,135.3820819603516
2026-02-20 16:08:28,62.5,73.19778188539742,135.37584213625163
2026-02-20 16:08:43,62.5,73.19778188539742,135.36960231215164
2026-02-20 16:08:58,62.5,73.19778188539742,135.36336248805165
2026-02-20 16:09:13,62.5,73.19778188539742,135.35712266395166
2026-02-20 16:09:28,62.5,73.19778188539742,135.3508828398517
2026-02-20 16:09:43,62.5,73.19778188539742,135.3446430157517
2026-02-20 16:09:58,62.5,73.19778188539742,135.3384031916517
2026-02-20 16:10:13,62.5,73.19778188539742,135.33216336755171
2026-02-20 16:10:28,62.5,73.19778188539742,135.32592354345172
2026-02-20 16:10:43,62.5,73.19778188539742,135.31968371935176
2026-02-20 16:10:58,62.5,73.19778188539742,135.31344389525177
2026-02-20 16:11:13,62.5,73.19778188539742,135.30720407115177
2026-02-20 16:11:28,62.5,73.19778188539742,135.30096424705178
2026-02-20 16:11:43,62.5,73.19778188539742,135.29472442295182
2026-02-20 16:11:58,62.5,73.19778188539742,135.28848459885182
2026-02-20 16:12:13,62.5,73.19778188539742,135.28224477475183
2026-02-20 16:12:28,62.5,73.19778188539742,135.27600495065184
2026-02-20 16:12:43,62.5,73.19778188539742,135.26976512655187
2026-02-20 16:12:58,62.5,73.19778188539742,135.26352530245188
2026-02-20 16:13:13,62.5,73.19778188539742,135.2572854783519
2026-02-20 16:13:28,62.5,73.19778188539742,135.2510456542519
2026-02-20 16:13:43,62.5,73.19778188539742,135.2448058301519
2026-02-20 16:13:58,62.5,73.19778188539742,135.23856600605194
2026-02-20 16:14:13,62.5,73.19778188539742,135.23232618195195
2026-02-20 16:14:28,62.5,73.19778188539742,135.22608635785195
2026-02-20 16:14:43,62.5,73.19778188539742,135.21984653375196
2026-02-20 16:14:58,62.5,73.19778188539742,135.213606709652
2026-02-20 16:15:13,62.5,73.19778188539742,135.207366885552
2026-02-20 16:15:28,62.5,73.19778188539742,135.201127061452
2026-02-20 16:15:43,62.5,73.19778188539742,135.19488723735202
2026-02-20 16:15:58,62.5,73.19778188539742,135.18864741325203
2026-02-20 16:16:13,62.5,73.19778188539742,135.18240758915206
2026-02-20 16:16:28,62.5,73.19778188539742,135.17616776505207
2026-02-20 16:16:43,62.5,73.19778188539742,135.16992794095208
2026-02-20 16:16:58,75.0,73.19778188539742,135.1636881168521
2026-02-20 16:17:13,75.0,73.19778188539742,135.15744829275212
2026-02-20 16:17:28,75.0,73.19778188539742,135.15120846865213
2026-02-20 16:17:43,75.0,73.19778188539742,135.14496864455214
2026-02-20 16:17:58,75.0,73.19778188539742,135.13872882045214
2026-02-20 16:18:13,75.0,73.38262476894639,135.13248899635215
2026-02-20 16:18:28,75.0,73.56746765249538,135.1262491722522
2026-02-20 16:18:43,75.0,73.75231053604436,135.1200093481522
2026-02-20 16:18:58,75.0,73.93715341959334,135.1137695240522
2026-02-20 16:19:13,75.0,74.12199630314234,135.1075296999522
2026-02-20 16:19:28,75.0,74.3068391866913,135.10128987585225
2026-02-20 16:19:43,75.0,74.4916820702403,135.09505005175225
2026-02-20 16:19:58,75.0,74.67652495378928,135.08881022765226
2026-02-20 16:20:13,75.0,74.86136783733826,135.08257040355227
2026-02-20 16:20:28,75.0,75.04621072088725,135.07633057945228
2026-02-20 16:20:43,75.0,75.23105360443623,135.0700907553523
2026-02-20 16:20:58,75.0,75.41589648798521,135.06385093125232
2026-02-20 16:21:13,75.0,75.6007393715342,135.05761110715233
2026-02-20 16:21:28,75.0,75.78558225508318,135.05137128305233
2026-02-20 16:21:43,75.0,75.97042513863215,135.04513145895237
2026-02-20 16:21:58,75.0,76.15526802218115,135.03889163485238
2026-02-20 16:22:13,75.0,76.34011090573013,135.03265181075238
2026-02-20 16:22:28,75.0,76.52495378927911,135.0264119866524
2026-02-20 16:22:43,75.0,76.7097966728281,135.02017216255243
2026-02-20 16:22:58,75.0,76.89463955637707,135.01393233845243
2026-02-20 16:23:13,75.0,77.07948243992607,135.00769251435244
2026-02-20 16:23:28,75.0,77.26432532347505,135.00145269025245
2026-02-20 16:23:43,75.0,77.6536312849162,134.99521286615246
2026-02-20 16:23:58,75.0,77.83985102420856,134.9889730420525
2026-02-20 16:24:13,75.0,78.02607076350093,134.9827332179525
2026-02-20 16:24:28,75.0,78.2122905027933,134.9764933938525
2026-02-20 16:24:43,75.0,78.39851024208566,134.97025356975251
2026-02-20 16:24:58,75.0,78.58472998137802,134.96401374565255
2026-02-20 16:25:13,75.0,78.77094972067039,134.95777392155256
2026-02-20 16:25:28,75.0,78.95716945996276,134.95153409745257
2026-02-20 16:25:43,75.0,79.14338919925513,134.94529427335257
2026-02-20 16:25:58,75.0,79.3296089385475,134.93905444925258
2026-02-20 16:26:13,75.0,79.51582867783985,134.93281462515262
2026-02-20 16:26:28,75.0,79.70204841713222,134.92657480105262
2026-02-20 16:26:43,75.0,79.88826815642457,134.92033497695263
2026-02-20 16:26:58,75.0,80.07448789571696,134.91409515285264
2026-02-20 16:27:13,75.0,80.26070763500931,134.90785532875267
2026-02-20 16:27:28,75.0,80.44692737430168,134.90161550465268
2026-02-20 16:27:43,75.0,80.63314711359403,134.8953756805527
2026-02-20 16:27:58,75.0,80.8193668528864,134.8891358564527
2026-02-20 16:28:13,75.0,81.00558659217877,134.8828960323527
2026-02-20 16:28:28,75.0,81.19180633147114,134.87665620825274
2026-02-20 16:28:43,75.0,81.3780260707635,134.87041638415275
2026-02-20 16:28:58,75.0,81.56424581005587,134.86417656005275
2026-02-20 16:29:13,75.0,81.75046554934823,134.85793673595276
2026-02-20 16:29:28,75.0,81.9366852886406,134.8516969118528
2026-02-20 16:29:43,75.0,82.12290502793296,134.8454570877528
2026-02-20 16:29:58,75.0,82.30912476722533,134.8392172636528
2026-02-20 16:30:13,75.0,82.49534450651768,134.83297743955282
2026-02-20 16:30:28,75.0,82.68156424581005,134.82673761545283
2026-02-20 16:30:43,75.0,82.86778398510242,134.82049779135286
2026-02-20 16:30:58,75.0,83.05400372439479,134.81425796725287
2026-02-20 16:31:13,75.0,83.24022346368714,134.80801814315288
2026-02-20 16:31:28,75.0,83.42644320297951,134.8017783190529
2026-02-20 16:31:43,75.0,83.61266294227188,134.79553849495292
2026-02-20 16:31:58,75.0,83.79888268156425,134.78929867085293
2026-02-20 16:32:13,75.0,83.9851024208566,134.78305884675294
2026-02-20 16:32:28,75.0,84.17132216014897,134.77681902265294
2026-02-20 16:32:43,75.0,84.35754189944134,134.77057919855298
2026-02-20 16:32:58,75.0,84.5437616387337,134.764339374453
2026-02-20 16:33:13,75.0,84.72998137802608,134.758099550353
2026-02-20 16:33:28,75.0,84.91620111731844,134.751859726253
2026-02-20 16:33:43,75.0,85.1024208566108,134.745619902153
2026-02-20 16:33:58,75.0,85.28864059590316,134.73938007805305
2026-02-20 16:34:13,75.0,85.47486033519553,134.73314025395305
2026-02-20 16:34:28,75.0,85.6610800744879,134.72690042985306
2026-02-20 16:34:43,75.0,85.84729981378027,134.72066060575307
2026-02-20 16:34:58,75.0,86.03351955307262,134.7144207816531
2026-02-20 16:35:13,75.0,86.21973929236499,134.7081809575531
2026-02-20 16:35:28,75.0,86.40595903165735,134.70194113345312
2026-02-20 16:35:43,75.0,86.59217877094973,134.69570130935313
2026-02-20 16:35:58,75.0,86.77839851024208,134.68946148525313
2026-02-20 16:36:13,75.0,86.96461824953445,134.68322166115317
2026-02-20 16:36:28,75.0,87.15083798882681,134.67698183705318
2026-02-20 16:36:43,75.0,87.33705772811918,134.67074201295318
2026-02-20 16:36:58,75.0,87.52327746741155,134.6645021888532
2026-02-20 16:37:13,75.0,87.70949720670392,134.65826236475323
2026-02-20 16:37:28,75.0,87.89571694599627,134.65202254065323
2026-02-20 16:37:43,75.0,88.08193668528864,134.64578271655324
2026-02-20 16:37:58,75.0,88.26815642458101,134.63954289245325
2026-02-20 16:38:13,75.0,88.45437616387338,134.63330306835326
2026-02-20 16:38:28,75.0,88.64059590316573,134.6270632442533
2026-02-20 16:38:43,75.0,88.8268156424581,134.6208234201533
2026-02-20 16:38:58,75.0,89.01303538175046,134.6145835960533
2026-02-20 16:39:13,75.0,89.19925512104282,134.60834377195332
2026-02-20 16:39:28,75.0,89.3854748603352,134.60210394785335
2026-02-20 16:39:43,75.0,89.57169459962756,134.59586412375336
2026-02-20 16:39:58,75.0,89.75791433891993,134.58962429965337
2026-02-20 16:40:13,75.0,89.94413407821229,134.58338447555337
2026-02-20 16:40:28,75.0,90.13035381750466,134.57714465145338
2026-02-20 16:40:43,75.0,90.31657355679702,134.57090482735342
2026-02-20 16:40:58,75.0,90.5027932960894,134.56466500325342
2026-02-20 16:41:13,75.0,90.68901303538175,134.55842517915343
2026-02-20 16:41:28,75.0,90.87523277467412,134.55218535505344
2026-02-20 16:41:43,75.0,91.06145251396647,134.54594553095347
2026-02-20 16:41:58,75.0,91.24767225325886,134.53970570685348
2026-02-20 16:42:13,75.0,91.43389199255121,134.5334658827535
2026-02-20 16:42:28,75.0,91.62011173184358,134.5272260586535
2026-02-20 16:42:43,75.0,91.80633147113593,134.52098623455353
2026-02-20 16:42:58,75.0,91.9925512104283,134.51474641045354
2026-02-20 16:43:13,75.0,92.17877094972067,134.50850658635355
2026-02-20 16:43:28,75.0,92.36499068901304,134.50226676225356
2026-02-20 16:43:43,75.0,92.5512104283054,134.49602693815356
2026-02-20 16:43:58,75.0,92.73743016759776,134.4897871140536
2026-02-20 16:44:13,75.0,92.92364990689012,134.4835472899536
2026-02-20 16:44:28,75.0,93.1098696461825,134.4773074658536
2026-02-20 16:44:43,75.0,93.29608938547486,134.47106764175362
2026-02-20 16:44:58,75.0,93.48230912476723,134.46482781765366
2026-02-20 16:45:13,75.0,93.66852886405958,134.45858799355366
2026-02-20 16:45:28,75.0,93.85474860335195,134.45234816945367
2026-02-20 16:45:43,75.0,94.04096834264432,134.44610834535368
2026-02-20 16:45:58,75.0,94.22718808193669,134.4398685212537
2026-02-20 16:46:13,75.0,94.41340782122904,134.43362869715372
2026-02-20 16:46:28,75.0,94.59962756052141,134.42738887305373
2026-02-20 16:46:43,75.0,94.78584729981378,134.42114904895374
2026-02-20 16:46:58,75.0,94.97206703910615,134.41490922485374
2026-02-20 16:47:13,75.0,95.15828677839852,134.40866940075378
2026-02-20 16:47:28,75.0,95.34450651769087,134.4024295766538
2026-02-20 16:47:43,75.0,95.53072625698324,134.3961897525538
2026-02-20 16:47:58,75.0,95.7169459962756,134.3899499284538
2026-02-20 16:48:13,87.5,95.90316573556798,134.3837101043538
2026-02-20 16:48:28,87.5,96.08938547486034,134.37747028025385
2026-02-20 16:48:43,87.5,96.2756052141527,134.37123045615385
2026-02-20 16:48:58,87.5,96.46182495344506,134.36499063205386
2026-02-20 16:49:13,87.5,96.64804469273743,134.35875080795387
2026-02-20 16:49:28,87.5,96.8342644320298,134.3525109838539
2026-02-20 16:49:43,87.5,97.02048417132217,134.3462711597539
2026-02-20 16:49:58,87.5,97.20670391061452,134.34003133565392
2026-02-20 16:50:13,87.5,97.39292364990689,134.33379151155393
2026-02-20 16:50:28,87.5,97.57914338919925,134.32755168745393
2026-02-20 16:50:43,87.5,97.76536312849163,134.32131186335397
2026-02-20 16:50:58,87.5,97.95158286778398,134.31507203925398
2026-02-20 16:51:13,87.5,98.13780260707635,134.30883221515398
2026-02-20 16:51:28,87.5,98.32402234636871,134.302592391054
2026-02-20 16:51:43,87.5,98.51024208566108,134.29635256695403
2026-02-20 16:51:58,87.5,98.69646182495345,134.29011274285403
2026-02-20 16:52:13,87.5,98.88268156424581,134.28387291875404
2026-02-20 16:52:28,87.5,99.06890130353817,134.27763309465405
2026-02-20 16:52:43,87.5,99.25512104283054,134.27139327055409
2026-02-20 16:52:58,87.5,99.4413407821229,134.2651534464541
2026-02-20 16:53:13,87.5,99.62756052141528,134.2589136223541
2026-02-20 16:53:28,87.5,99.81378026070763,134.2526737982541
2026-02-20 16:53:43,87.5,100.0,134.24643397415412
2026-02-20 16:53:58,87.5,100.0,134.24019415005415
2026-02-20 16:54:13,87.5,100.0,134.23395432595416
2026-02-20 16:54:28,87.5,100.0,134.22771450185417
2026-02-20 16:54:43,87.5,100.0,134.22147467775417
2026-02-20 16:54:58,87.5,100.0,134.2152348536542
2026-02-20 16:55:13,87.5,100.0,134.20899502955422
2026-02-20 16:55:28,87.5,100.0,134.20275520545422
2026-02-20 16:55:43,87.5,100.0,134.19651538135423
2026-02-20 16:55:58,87.5,100.0,134.19027555725424
2026-02-20 16:56:13,87.5,100.0,134.18403573315427
2026-02-20 16:56:28,87.5,100.0,134.17779590905428
2026-02-20 16:56:43,87.5,100.0,134.1715560849543
2026-02-20 16:56:58,87.5,100.0,134.1653162608543
2026-02-20 16:57:13,87.5,100.0,134.15907643675433
2026-02-20 16:57:28,87.5,100.0,134.15283661265434
2026-02-20 16:57:43,87.5,100.0,134.14659678855435
2026-02-20 16:57:58,87.5,100.0,134.14035696445436
2026-02-20 16:58:13,87.5,100.0,134.13411714035436
2026-02-20 16:58:28,87.5,100.0,134.1278773162544
2026-02-20 16:58:43,87.5,100.0,134.1216374921544
2026-02-20 16:58:58,87.5,100.0,134.1153976680544
2026-02-20 16:59:13,87.5,100.0,134.10915784395442
2026-02-20 16:59:28,87.5,100.0,134.10291801985446
2026-02-20 16:59:43,87.5,100.0,134.09667819575446
2026-02-20 16:59:58,87.5,100.0,134.09043837165447
2026-02-20 17:00:13,87.5,100.0,134.08419854755448
2026-02-20 17:00:28,87.5,100.0,134.0779587234545
2026-02-20 17:00:43,87.5,100.0,134.07171889935452
2026-02-20 17:00:58,87.5,100.0,134.06547907525453
2026-02-20 17:01:13,87.5,100.0,134.05923925115454
2026-02-20 17:01:28,87.5,100.0,134.05299942705454
2026-02-20 17:01:43,87.5,100.0,134.04675960295458
2026-02-20 17:01:58,87.5,100.0,134.0405197788546
2026-02-20 17:02:13,87.5,100.0,134.0342799547546
2026-02-20 17:02:28,87.5,100.0,134.0280401306546
2026-02-20 17:02:43,87.5,100.0,134.02180030655464
2026-02-20 17:02:58,87.5,100.0,134.01556048245465
2026-02-20 17:03:13,87.5,100.0,134.00932065835465
2026-02-20 17:03:28,87.5,100.0,134.00308083425466
2026-02-20 17:03:43,87.5,100.0,133.99684101015467
2026-02-20 17:03:58,87.5,100.0,133.9906011860547
2026-02-20 17:04:13,87.5,100.0,133.9843613619547
2026-02-20 17:04:28,87.5,100.0,133.97812153785472
2026-02-20 17:04:43,87.5,100.0,133.97188171375473
2026-02-20 17:04:58,87.5,100.0,133.96564188965476
2026-02-20 17:05:13,87.5,100.0,133.95940206555477
2026-02-20 17:05:28,87.5,100.0,133.95316224145478
2026-02-20 17:05:43,87.5,100.0,133.94692241735478
2026-02-20 17:05:58,87.5,100.0,133.9406825932548
2026-02-20 17:06:13,87.5,100.0,133.93444276915483
2026-02-20 17:06:28,87.5,100.0,133.92820294505484
2026-02-20 17:06:43,87.5,100.0,133.92196312095484
2026-02-20 17:06:58,87.5,100.0,133.91572329685485
2026-02-20 17:07:13,87.5,100.0,133.90948347275489
2026-02-20 17:07:28,87.5,100.0,133.9032436486549
2026-02-20 17:07:43,87.5,100.0,133.8970038245549
2026-02-20 17:07:58,87.5,100.0,133.8907640004549
2026-02-20 17:08:13,87.5,100.0,133.88452417635492
2026-02-20 17:08:28,87.5,100.0,133.87828435225495
2026-02-20 17:08:43,87.5,100.0,133.87204452815496
2026-02-20 17:08:58,87.5,100.0,133.86580470405497
2026-02-20 17:09:13,87.5,100.0,133.85956487995497
2026-02-20 17:09:28,87.5,100.0,133.853325055855
2026-02-20 17:09:43,87.5,100.0,133.84708523175502
2026-02-20 17:09:58,87.5,100.0,133.84084540765502
2026-02-20 17:10:13,87.5,100.0,133.83460558355503
2026-02-20 17:10:28,87.5,100.0,133.82836575945504
2026-02-20 17:10:43,87.5,100.0,133.82212593535507
2026-02-20 17:10:58,87.5,100.0,133.81588611125508
2026-02-20 17:11:13,87.5,100.0,133.8096462871551
2026-02-20 17:11:28,87.5,100.0,133.8034064630551
2026-02-20 17:11:43,87.5,100.0,133.79716663895513
2026-02-20 17:11:58,87.5,100.0,133.79092681485514
2026-02-20 17:12:13,87.5,100.0,133.78468699075515
2026-02-20 17:12:28,87.5,100.0,133.77844716665516
2026-02-20 17:12:43,87.5,100.0,133.7722073425552
2026-02-20 17:12:58,87.5,100.0,133.7659675184552
2026-02-20 17:13:13,87.5,100.0,133.7597276943552
2026-02-20 17:13:28,87.5,100.0,133.7534878702552
2026-02-20 17:13:43,87.5,100.0,133.74724804615522
2026-02-20 17:13:58,87.5,100.0,133.74100822205526
2026-02-20 17:14:13,87.5,100.0,133.73476839795526
2026-02-20 17:14:28,87.5,100.0,133.72852857385527
2026-02-20 17:14:43,87.5,100.0,133.72228874975528
2026-02-20 17:14:58,87.5,100.0,133.71604892565531
2026-02-20 17:15:13,87.5,100.0,133.70980910155532
2026-02-20 17:15:28,87.5,100.0,133.70356927745533
2026-02-20 17:15:43,87.5,100.0,133.69732945335534
2026-02-20 17:15:58,87.5,100.0,133.69108962925534
2026-02-20 17:16:13,87.5,100.0,133.68484980515538
2026-02-20 17:16:28,87.5,100.0,133.6786099810554
2026-02-20 17:16:43,87.5,100.0,133.6723701569554
2026-02-20 17:16:58,87.5,100.0,133.6661303328554
2026-02-20 17:17:13,87.5,100.0,133.65989050875544
2026-02-20 17:17:28,87.5,100.0,133.65365068465545
2026-02-20 17:17:43,87.5,100.0,133.64741086055545
2026-02-20 17:17:58,87.5,100.0,133.64117103645546
2026-02-20 17:18:13,87.5,100.0,133.63493121235547
2026-02-20 17:18:28,87.5,100.0,133.6286913882555
2026-02-20 17:18:43,87.5,100.0,133.6224515641555
2026-02-20 17:18:58,87.5,100.0,133.61621174005552
2026-02-20 17:19:13,87.5,100.0,133.60997191595553
2026-02-20 17:19:28,87.5,100.0,133.60373209185556
2026-02-20 17:19:43,87.5,100.0,133.59749226775557
2026-02-20 17:19:58,87.5,100.0,133.59125244365558
2026-02-20 17:20:13,87.5,100.0,133.58501261955558
2026-02-20 17:20:28,87.5,100.0,133.5787727954556
2026-02-20 17:20:43,87.5,100.0,133.57253297135563
2026-02-20 17:20:58,87.5,100.0,133.56629314725564
2026-02-20 17:21:13,87.5,100.0,133.56005332315564
2026-02-20 17:21:28,87.5,100.0,133.55381349905565
2026-02-20 17:21:43,87.5,100.0,133.5475736749557
2026-02-20 17:21:58,87.5,100.0,133.5413338508557
2026-02-20 17:22:13,87.5,100.0,133.5350940267557
2026-02-20 17:22:28,87.5,100.0,133.5288542026557
2026-02-20 17:22:43,87.5,100.0,133.52261437855574
2026-02-20 17:22:58,87.5,100.0,133.51637455445575
2026-02-20 17:23:13,87.5,100.0,133.51013473035576
2026-02-20 17:23:28,87.5,100.0,133.50389490625577
2026-02-20 17:23:43,87.5,100.0,133.49765508215577
2026-02-20 17:23:58,87.5,100.0,133.4914152580558
2026-02-20 17:24:13,87.5,100.0,133.48517543395582
2026-02-20 17:24:28,87.5,100.0,133.47893560985582
2026-02-20 17:24:43,87.5,100.0,133.47269578575583
2026-02-20 17:24:58,87.5,100.0,133.46645596165587
2026-02-20 17:25:13,87.5,100.0,133.46021613755588
2026-02-20 17:25:28,87.5,100.0,133.45397631345588
2026-02-20 17:25:43,87.5,100.0,133.4477364893559
2026-02-20 17:25:58,87.5,100.0,133.4414966652559
2026-02-20 17:26:13,87.5,100.0,133.43525684115593
2026-02-20 17:26:28,87.5,100.0,133.42901701705594
2026-02-20 17:26:43,87.5,100.0,133.42277719295595
2026-02-20 17:26:58,87.5,100.0,133.41653736885596
2026-02-20 17:27:13,87.5,100.0,133.410297544756
2026-02-20 17:27:28,87.5,100.0,133.404057720656
2026-02-20 17:27:43,87.5,100.0,133.397817896556
2026-02-20 17:27:58,87.5,100.0,133.391578072456
2026-02-20 17:28:13,87.5,100.0,133.38533824835602
2026-02-20 17:28:28,87.5,100.0,133.37909842425606
2026-02-20 17:28:43,87.5,100.0,133.37285860015606
2026-02-20 17:28:58,87.5,100.0,133.36661877605607
2026-02-20 17:29:13,87.5,100.0,133.36037895195608
2026-02-20 17:29:28,87.5,100.0,133.35413912785612
2026-02-20 17:29:43,87.5,100.0,133.34789930375612
2026-02-20 17:29:58,87.5,100.0,133.34165947965613
2026-02-20 17:30:13,87.5,100.0,133.33541965555614
2026-02-20 17:30:28,87.5,100.0,133.32917983145614
2026-02-20 17:30:43,87.5,100.0,133.32294000735618
2026-02-20 17:30:58,87.5,100.0,133.3167001832562
2026-02-20 17:31:13,87.5,100.0,133.3104603591562
2026-02-20 17:31:28,87.5,100.0,133.3042205350562
2026-02-20 17:31:43,87.5,100.0,133.29798071095624
2026-02-20 17:31:58,87.5,100.0,133.29174088685625
2026-02-20 17:32:13,87.5,100.0,133.28550106275625
2026-02-20 17:32:28,87.5,100.0,133.27926123865626
2026-02-20 17:32:43,87.5,100.0,133.2730214145563
2026-02-20 17:32:58,87.5,100.0,133.2667815904563
2026-02-20 17:33:13,87.5,100.0,133.2605417663563
2026-02-20 17:33:28,87.5,100.0,133.25430194225632
2026-02-20 17:33:43,87.5,100.0,133.24806211815633
2026-02-20 17:33:58,87.5,100.0,133.24182229405636
2026-02-20 17:34:13,87.5,100.0,133.23558246995637
2026-02-20 17:34:28,87.5,100.0,133.22934264585638
2026-02-20 17:34:43,87.5,100.0,133.22310282175638
2026-02-20 17:34:58,87.5,100.0,133.21686299765642
2026-02-20 17:35:13,87.5,100.0,133.21062317355643
2026-02-20 17:35:28,87.5,100.0,133.20438334945644
2026-02-20 17:35:43,87.5,100.0,133.19814352535644
2026-02-20 17:35:58,87.5,100.0,133.19190370125645
2026-02-20 17:36:13,87.5,100.0,133.1856638771565
2026-02-20 17:36:28,87.5,100.0,133.1794240530565
2026-02-20 17:36:43,87.5,100.0,133.1731842289565
2026-02-20 17:36:58,87.5,100.0,133.1669444048565
2026-02-20 17:37:13,87.5,100.0,133.16070458075654
2026-02-20 17:37:28,87.5,100.0,133.15446475665655
2026-02-20 17:37:43,87.5,100.0,133.14822493255656
2026-02-20 17:37:58,87.5,100.0,133.14198510845657
2026-02-20 17:38:13,87.5,100.0,133.13574528435657
2026-02-20 17:38:28,87.5,100.0,133.1295054602566
2026-02-20 17:38:43,87.5,100.0,133.12326563615662
2026-02-20 17:38:58,87.5,100.0,133.11702581205662
2026-02-20 17:39:13,87.5,100.0,133.11078598795663
2026-02-20 17:39:28,87.5,100.0,133.10454616385667
2026-02-20 17:39:43,87.5,100.0,133.09830633975668
2026-02-20 17:39:58,87.5,100.0,133.09206651565668
2026-02-20 17:40:13,87.5,100.0,133.0858266915567
2026-02-20 17:40:28,87.5,100.0,133.0795868674567
2026-02-20 17:40:43,87.5,100.0,133.07334704335673
2026-02-20 17:40:58,87.5,100.0,133.06710721925674
2026-02-20 17:41:13,87.5,100.0,133.06086739515675
2026-02-20 17:41:28,87.5,100.0,133.05462757105676
2026-02-20 17:41:43,87.5,100.0,133.0483877469568
2026-02-20 17:41:58,87.5,100.0,133.0421479228568
2026-02-20 17:42:13,87.5,100.0,133.0359080987568
2026-02-20 17:42:28,87.5,100.0,133.0296682746568
2026-02-20 17:42:43,87.5,100.0,133.02342845055685
2026-02-20 17:42:58,87.5,100.0,133.01718862645686
2026-02-20 17:43:13,87.5,100.0,133.01094880235686
2026-02-20 17:43:28,87.5,100.0,133.00470897825687
2026-02-20 17:43:43,87.5,100.0,132.99846915415688
2026-02-20 17:43:58,87.5,100.0,132.99222933005692
2026-02-20 17:44:13,87.5,100.0,132.98598950595692
2026-02-20 17:44:28,87.5,100.0,132.97974968185693
2026-02-20 17:44:43,87.5,100.0,132.97350985775694
2026-02-20 17:44:58,87.5,100.0,132.96727003365697
2026-02-20 17:45:13,87.5,100.0,132.96103020955698
2026-02-20 17:45:28,87.5,100.0,132.954790385457
2026-02-20 17:45:43,87.5,100.0,132.948550561357
2026-02-20 17:45:58,87.5,100.0,132.942310737257
2026-02-20 17:46:13,87.5,100.0,132.93607091315704
2026-02-20 17:46:28,87.5,100.0,132.92983108905705
2026-02-20 17:46:43,87.5,100.0,132.92359126495705
2026-02-20 17:46:58,87.5,100.0,132.91735144085706
2026-02-20 17:47:13,87.5,100.0,132.9111116167571
2026-02-20 17:47:28,87.5,100.0,132.9048717926571
2026-02-20 17:47:43,87.5,100.0,132.8986319685571
2026-02-20 17:47:58,87.5,100.0,132.89239214445712
2026-02-20 17:48:13,87.5,100.0,132.88615232035713
2026-02-20 17:48:28,87.5,100.0,132.87991249625716
2026-02-20 17:48:43,87.5,100.0,132.87367267215717
2026-02-20 17:48:58,87.5,100.0,132.86743284805718
2026-02-20 17:49:13,87.5,100.0,132.86119302395718
2026-02-20 17:49:28,87.5,100.0,132.85495319985722
2026-02-20 17:49:43,87.5,100.0,132.84871337575723
2026-02-20 17:49:58,87.5,100.0,132.84247355165724
2026-02-20 17:50:13,87.5,100.0,132.83623372755724
2026-02-20 17:50:28,87.5,100.0,132.82999390345725
2026-02-20 17:50:43,87.5,100.0,132.8237540793573
2026-02-20 17:50:58,87.5,100.0,132.8175142552573
2026-02-20 17:51:13,87.5,100.0,132.8112744311573
2026-02-20 17:51:28,87.5,100.0,132.8050346070573
2026-02-20 17:51:43,87.5,100.0,132.79879478295734
2026-02-20 17:51:58,87.5,100.0,132.79255495885735
2026-02-20 17:52:13,87.5,100.0,132.78631513475736
2026-02-20 17:52:28,87.5,100.0,132.78007531065737
2026-02-20 17:52:43,87.5,100.0,132.7738354865574
2026-02-20 17:52:58,87.5,100.0,132.7675956624574
2026-02-20 17:53:13,87.5,100.0,132.76135583835742
2026-02-20 17:53:28,87.5,100.0,132.75511601425742
2026-02-20 17:53:43,87.5,100.0,132.74887619015743
2026-02-20 17:53:58,87.5,100.0,132.74263636605747
2026-02-20 17:54:13,87.5,100.0,132.73639654195748
2026-02-20 17:54:28,87.5,100.0,132.73015671785748
2026-02-20 17:54:43,87.5,100.0,132.7239168937575
2026-02-20 17:54:58,87.5,100.0,132.71767706965753
2026-02-20 17:55:13,87.5,100.0,132.71143724555753
2026-02-20 17:55:28,87.5,100.0,132.70519742145754
2026-02-20 17:55:43,87.5,100.0,132.69895759735755
2026-02-20 17:55:58,87.5,100.0,132.69271777325756
2026-02-20 17:56:13,87.5,100.0,132.6864779491576
2026-02-20 17:56:28,87.5,100.0,132.6802381250576
2026-02-20 17:56:43,87.5,100.0,132.6739983009576
2026-02-20 17:56:58,87.5,100.0,132.6677584768576
2026-02-20 17:57:13,87.5,100.0,132.66151865275765
2026-02-20 17:57:28,87.5,100.0,132.65527882865766
2026-02-20 17:57:43,87.5,100.0,132.64903900455766
2026-02-20 17:57:58,87.5,100.0,132.64279918045767
2026-02-20 17:58:13,87.5,100.0,132.63655935635768
2026-02-20 17:58:28,87.5,100.0,132.63031953225772
2026-02-20 17:58:43,87.5,100.0,132.62407970815772
2026-02-20 17:58:58,87.5,100.0,132.61783988405773
2026-02-20 17:59:13,87.5,100.0,132.61160005995774
2026-02-20 17:59:28,87.5,100.0,132.60536023585777
2026-02-20 17:59:43,87.5,100.0,132.59912041175778
2026-02-20 17:59:58,87.5,100.0,132.5928805876578
2026-02-20 18:00:13,87.5,100.0,132.56180336130402
2026-02-20 18:00:28,87.5,100.0,132.52690499614198
2026-02-20 18:00:43,87.5,100.0,132.49200663097994
2026-02-20 18:00:58,87.5,100.0,132.4571082658179
2026-02-20 18:01:13,87.5,100.0,132.42220990065587
2026-02-20 18:01:28,87.5,100.0,132.38731153549384
2026-02-20 18:01:43,87.5,100.0,132.3524131703318
2026-02-20 18:01:58,87.5,100.0,132.31751480516976
2026-02-20 18:02:13,87.5,100.0,132.28261644000773
2026-02-20 18:02:28,87.5,100.0,132.2477180748457
2026-02-20 18:02:43,87.5,100.0,132.21281970968366
2026-02-20 18:02:58,87.5,100.0,132.17792134452162
2026-02-20 18:03:13,87.5,100.0,132.14302297935959
2026-02-20 18:03:28,87.5,100.0,132.10812461419755
2026-02-20 18:03:43,87.5,100.0,132.0732262490355
2026-02-20 18:03:58,87.5,100.0,132.03832788387348
2026-02-20 18:04:13,87.5,100.0,132.00342951871144
2026-02-20 18:04:28,87.5,100.0,131.9685311535494
2026-02-20 18:04:43,87.5,100.0,131.93363278838737
2026-02-20 18:04:58,87.5,100.0,131.89873442322533
2026-02-20 18:05:13,87.5,100.0,131.86383605806327
2026-02-20 18:05:28,87.5,100.0,131.82893769290123
2026-02-20 18:05:43,87.5,100.0,131.7940393277392
2026-02-20 18:05:58,87.5,100.0,131.75914096257716
2026-02-20 18:06:13,87.5,100.0,131.72424259741513
2026-02-20 18:06:28,87.5,100.0,131.6893442322531
2026-02-20 18:06:43,87.5,100.0,131.65444586709106
2026-02-20 18:06:58,87.5,100.0,131.61954750192902
2026-02-20 18:07:13,87.5,100.0,131.58464913676698
2026-02-20 18:07:28,87.5,100.0,131.54975077160495
2026-02-20 18:07:43,87.5,100.0,131.5148524064429
2026-02-20 18:07:58,87.5,100.0,131.47995404128088
2026-02-20 18:08:13,87.5,100.0,131.44505567611884
2026-02-20 18:08:28,87.5,100.0,131.4101573109568
2026-02-20 18:08:43,87.5,100.0,131.37525894579477
2026-02-20 18:08:58,87.5,100.0,131.34036058063273
2026-02-20 18:09:13,87.5,100.0,131.3054622154707
2026-02-20 18:09:28,87.5,100.0,131.27056385030866
2026-02-20 18:09:43,87.5,100.0,131.23566548514663
2026-02-20 18:09:58,87.5,100.0,131.2007671199846
2026-02-20 18:10:13,87.5,100.0,131.16586875482255
2026-02-20 18:10:28,87.5,100.0,131.13097038966052
2026-02-20 18:10:43,87.5,100.0,131.09607202449848
2026-02-20 18:10:58,87.5,100.0,131.06117365933642
2026-02-20 18:11:13,87.5,100.0,131.02627529417438
2026-02-20 18:11:28,87.5,100.0,130.99137692901235
2026-02-20 18:11:43,87.5,100.0,130.9564785638503
2026-02-20 18:11:58,87.5,100.0,130.92158019868828
2026-02-20 18:12:13,87.5,100.0,130.88668183352624
2026-02-20 18:12:28,87.5,100.0,130.8517834683642
2026-02-20 18:12:43,87.5,100.0,130.81688510320217
2026-02-20 18:12:58,87.5,100.0,130.78198673804013
2026-02-20 18:13:13,87.5,100.0,130.7470883728781
2026-02-20 18:13:28,87.5,100.0,130.71219000771606
2026-02-20 18:13:43,87.5,100.0,130.67729164255402
2026-02-20 18:13:58,87.5,100.0,130.642393277392
2026-02-20 18:14:13,87.5,100.0,130.60749491222995
2026-02-20 18:14:28,87.5,100.0,130.57259654706792
2026-02-20 18:14:43,87.5,100.0,130.53769818190588
2026-02-20 18:14:58,87.5,100.0,130.50279981674385
2026-02-20 18:15:13,87.5,100.0,130.4679014515818
2026-02-20 18:15:28,75.0,100.0,130.43300308641977
2026-02-20 18:15:43,75.0,100.0,130.39810472125774
2026-02-20 18:15:58,75.0,100.0,130.3632063560957
2026-02-20 18:16:13,87.5,100.0,130.32830799093367
2026-02-20 18:16:28,87.5,100.0,130.29340962577163
2026-02-20 18:16:43,87.5,100.0,130.25851126060957
2026-02-20 18:16:58,87.5,100.0,130.22361289544753
2026-02-20 18:17:13,87.5,100.0,130.1887145302855
2026-02-20 18:17:28,87.5,100.0,130.15381616512346
2026-02-20 18:17:43,87.5,100.0,130.11891779996142
2026-02-20 18:17:58,87.5,100.0,130.0840194347994
2026-02-20 18:18:13,87.5,100.0,130.04912106963735
2026-02-20 18:18:28,87.5,100.0,130.01422270447532
2026-02-20 18:18:43,87.5,100.0,129.97932433931328
2026-02-20 18:18:58,87.5,100.0,129.94442597415124
2026-02-20 18:19:13,87.5,100.0,129.9095276089892
2026-02-20 18:19:28,87.5,100.0,129.87462924382717
2026-02-20 18:19:43,87.5,100.0,129.83973087866514
2026-02-20 18:19:58,100.0,100.0,129.8048325135031
2026-02-20 18:20:13,100.0,100.0,129.76993414834106
2026-02-20 18:20:28,100.0,100.0,129.73503578317903
2026-02-20 18:20:43,100.0,100.0,129.700137418017
2026-02-20 18:20:58,100.0,100.0,129.66523905285496
2026-02-20 18:21:13,100.0,100.0,129.63034068769292
2026-02-20 18:21:28,100.0,100.0,129.5954423225309
2026-02-20 18:21:43,100.0,100.0,129.56054395736885
2026-02-20 18:21:58,100.0,100.0,129.5256455922068
2026-02-20 18:22:13,100.0,100.0,129.49074722704478
2026-02-20 18:22:28,100.0,100.0,129.4558488618827
2026-02-20 18:22:43,100.0,100.0,129.42095049672068
2026-02-20 18:22:58,100.0,100.0,129.38605213155864
2026-02-20 18:23:13,100.0,100.0,129.3511537663966
2026-02-20 18:23:28,100.0,100.0,129.31625540123457
2026-02-20 18:23:43,100.0,100.0,129.28135703607254
2026-02-20 18:23:58,100.0,100.0,129.2464586709105
2026-02-20 18:24:13,100.0,100.0,129.21156030574846
2026-02-20 18:24:28,100.0,100.0,129.17666194058643
2026-02-20 18:24:43,100.0,100.0,129.1417635754244
2026-02-20 18:24:58,100.0,100.0,129.10686521026236
2026-02-20 18:25:13,100.0,100.0,129.07196684510032
2026-02-20 18:25:28,100.0,100.0,129.03706847993828
2026-02-20 18:25:43,100.0,100.0,129.00217011477625
2026-02-20 18:25:58,100.0,100.0,128.9672717496142
2026-02-20 18:26:13,100.0,100.0,128.93237338445218
2026-02-20 18:26:28,100.0,100.0,128.89747501929014
2026-02-20 18:26:43,100.0,100.0,128.8625766541281
2026-02-20 18:26:58,100.0,100.0,128.82767828896607
2026-02-20 18:27:13,100.0,100.0,128.79277992380403
2026-02-20 18:27:28,100.0,100.0,128.757881558642
2026-02-20 18:27:43,100.0,100.0,128.72298319347996
2026-02-20 18:27:58,100.0,100.0,128.68808482831793
2026-02-20 18:28:13,100.0,100.0,128.65318646315586
2026-02-20 18:28:28,100.0,100.0,128.61828809799383
2026-02-20 18:28:43,100.0,100.0,128.5833897328318
2026-02-20 18:28:58,100.0,100.0,128.54849136766975
2026-02-20 18:29:13,100.0,100.0,128.51359300250772
2026-02-20 18:29:28,100.0,100.0,128.47869463734568
2026-02-20 18:29:43,100.0,100.0,128.44379627218365
2026-02-20 18:29:58,100.0,100.0,128.4088979070216
2026-02-20 18:30:13,100.0,100.0,128.37399954185958
2026-02-20 18:30:28,100.0,100.0,128.33910117669754
2026-02-20 18:30:43,100.0,100.0,128.3042028115355
2026-02-20 18:30:58,100.0,100.0,128.26930444637347
2026-02-20 18:31:13,100.0,100.0,128.23440608121143
2026-02-20 18:31:28,100.0,100.0,128.1995077160494
2026-02-20 18:31:43,100.0,100.0,128.16460935088736
2026-02-20 18:31:58,100.0,100.0,128.12971098572532
2026-02-20 18:32:13,100.0,100.0,128.0948126205633
2026-02-20 18:32:28,100.0,100.0,128.05991425540125
2026-02-20 18:32:43,100.0,100.0,128.02501589023922
2026-02-20 18:32:58,100.0,100.0,127.99011752507717
2026-02-20 18:33:13,100.0,100.0,127.95521915991513
2026-02-20 18:33:28,100.0,100.0,127.9203207947531
2026-02-20 18:33:43,100.0,100.0,127.88542242959106
2026-02-20 18:33:58,100.0,100.0,127.85052406442902
2026-02-20 18:34:13,100.0,100.0,127.81562569926699
2026-02-20 18:34:28,100.0,100.0,127.78072733410495
2026-02-20 18:34:43,100.0,100.0,127.74582896894292
2026-02-20 18:34:58,100.0,100.0,127.71093060378088
2026-02-20 18:35:13,100.0,100.0,127.67603223861883
2026-02-20 18:35:28,100.0,100.0,127.6411338734568
2026-02-20 18:35:43,100.0,100.0,127.60623550829476
2026-02-20 18:35:58,100.0,100.0,127.57133714313272
2026-02-20 18:36:13,100.0,100.0,127.53643877797069
2026-02-20 18:36:28,100.0,100.0,127.50154041280865
2026-02-20 18:36:43,100.0,100.0,127.46664204764662
2026-02-20 18:36:58,100.0,100.0,127.43174368248458
2026-02-20 18:37:13,100.0,100.0,127.39684531732254
2026-02-20 18:37:28,100.0,100.0,127.36194695216051
2026-02-20 18:37:43,100.0,100.0,127.32704858699847
2026-02-20 18:37:58,100.0,100.0,127.29215022183644
2026-02-20 18:38:13,100.0,100.0,127.25725185667439
2026-02-20 18:38:28,100.0,100.0,127.22235349151235
2026-02-20 18:38:43,100.0,100.0,127.18745512635032
2026-02-20 18:38:58,100.0,100.0,127.15255676118828
2026-02-20 18:39:13,100.0,100.0,127.11765839602624
2026-02-20 18:39:28,100.0,100.0,127.08276003086421
2026-02-20 18:39:43,100.0,100.0,127.04786166570217
2026-02-20 18:39:58,100.0,100.0,127.01296330054014
2026-02-20 18:40:13,100.0,100.0,126.9780649353781
2026-02-20 18:40:28,100.0,100.0,126.94316657021606
2026-02-20 18:40:43,100.0,100.0,126.90826820505403
2026-02-20 18:40:58,100.0,100.0,126.87336983989198
2026-02-20 18:41:13,100.0,100.0,126.83847147472994
2026-02-20 18:41:28,100.0,100.0,126.8035731095679
2026-02-20 18:41:43,100.0,100.0,126.76867474440587
2026-02-20 18:41:58,100.0,100.0,126.73377637924384
2026-02-20 18:42:13,100.0,100.0,126.6988780140818
2026-02-20 18:42:28,100.0,100.0,126.66397964891976
2026-02-20 18:42:43,100.0,100.0,126.62908128375773
2026-02-20 18:42:58,100.0,100.0,126.59418291859569
2026-02-20 18:43:13,100.0,100.0,126.55928455343366
2026-02-20 18:43:28,100.0,100.0,126.52438618827162
2026-02-20 18:43:43,100.0,100.0,126.48948782310958
2026-02-20 18:43:58,100.0,100.0,126.45458945794753
2026-02-20 18:44:13,100.0,100.0,126.4196910927855
2026-02-20 18:44:28,100.0,100.0,126.38479272762346
2026-02-20 18:44:43,100.0,100.0,126.34989436246143
2026-02-20 18:44:58,100.0,100.0,126.31499599729939
2026-02-20 18:45:13,100.0,100.0,126.28009763213736
2026-02-20 18:45:28,100.0,100.0,126.24519926697532
2026-02-20 18:45:43,100.0,100.0,126.21030090181328
2026-02-20 18:45:58,100.0,100.0,126.17540253665125
2026-02-20 18:46:13,100.0,100.0,126.14050417148921
2026-02-20 18:46:28,100.0,100.0,126.10560580632716
2026-02-20 18:46:43,100.0,100.0,126.07070744116513
2026-02-20 18:46:58,100.0,100.0,126.03580907600309
2026-02-20 18:47:13,100.0,100.0,126.00091071084105
2026-02-20 18:47:28,100.0,100.0,125.96601234567902
2026-02-20 18:47:43,100.0,100.0,125.93111398051698
2026-02-20 18:47:58,100.0,100.0,125.89621561535495
2026-02-20 18:48:13,100.0,100.0,125.86131725019291
2026-02-20 18:48:28,100.0,100.0,125.82641888503088
2026-02-20 18:48:43,100.0,100.0,125.79152051986884
2026-02-20 18:48:58,100.0,100.0,125.7566221547068
2026-02-20 18:49:13,100.0,100.0,125.72172378954477
2026-02-20 18:49:28,100.0,100.0,125.68682542438273
2026-02-20 18:49:43,100.0,100.0,125.65192705922068
2026-02-20 18:49:58,100.0,100.0,125.61702869405865
2026-02-20 18:50:13,100.0,100.0,125.58213032889661
2026-02-20 18:50:28,100.0,100.0,125.54723196373457
2026-02-20 18:50:43,100.0,100.0,125.51233359857254
2026-02-20 18:50:58,100.0,100.0,125.4774352334105
2026-02-20 18:51:13,100.0,100.0,125.44253686824847
2026-02-20 18:51:28,100.0,100.0,125.40763850308643
2026-02-20 18:51:43,100.0,100.0,125.3727401379244
2026-02-20 18:51:58,100.0,100.0,125.33784177276236
2026-02-20 18:52:13,100.0,100.0,125.30294340760031
2026-02-20 18:52:28,100.0,100.0,125.26804504243827
2026-02-20 18:52:43,100.0,100.0,125.23314667727624
2026-02-20 18:52:58,100.0,100.0,125.1982483121142
2026-02-20 18:53:13,100.0,100.0,125.16334994695217
2026-02-20 18:53:28,100.0,100.0,125.12845158179013
2026-02-20 18:53:43,100.0,100.0,125.0935532166281
2026-02-20 18:53:58,100.0,100.0,125.05865485146606
2026-02-20 18:54:13,100.0,100.0,125.02375648630402
2026-02-20 18:54:28,100.0,100.0,124.98885812114199
2026-02-20 18:54:43,100.0,100.0,124.95395975597995
2026-02-20 18:54:58,100.0,100.0,124.91906139081792
2026-02-20 18:55:13,100.0,100.0,124.88416302565587
2026-02-20 18:55:28,100.0,100.0,124.84926466049383
2026-02-20 18:55:43,100.0,100.0,124.8143662953318
2026-02-20 18:55:58,100.0,100.0,124.77946793016976
2026-02-20 18:56:13,100.0,100.0,124.74456956500772
2026-02-20 18:56:28,100.0,100.0,124.70967119984569
2026-02-20 18:56:43,100.0,100.0,124.67477283468365
2026-02-20 18:56:58,100.0,100.0,124.63987446952162
2026-02-20 18:57:13,100.0,100.0,124.60497610435958
2026-02-20 18:57:28,100.0,100.0,124.57007773919754
2026-02-20 18:57:43,100.0,100.0,124.53517937403551
2026-02-20 18:57:58,100.0,100.0,124.50028100887346
2026-02-20 18:58:13,100.0,100.0,124.46538264371142
2026-02-20 18:58:28,100.0,100.0,124.43048427854939
2026-02-20 18:58:43,100.0,100.0,124.39558591338735
2026-02-20 18:58:58,100.0,100.0,124.36068754822531
2026-02-20 18:59:13,100.0,100.0,124.32578918306328
2026-02-20 18:59:28,100.0,100.0,124.29089081790124
2026-02-20 18:59:43,100.0,100.0,124.2559924527392
2026-02-20 18:59:58,100.0,100.0,124.22109408757717
2026-02-20 19:00:13,100.0,100.0,124.18619572241514
2026-02-20 19:00:28,100.0,100.0,124.1512973572531
2026-02-20 19:00:43,100.0,100.0,124.11639899209106
2026-02-20 19:00:58,100.0,100.0,124.08150062692903
2026-02-20 19:01:13,100.0,100.0,124.04660226176698
2026-02-20 19:01:28,100.0,100.0,124.01170389660494
2026-02-20 19:01:43,100.0,100.0,123.9768055314429
2026-02-20 19:01:58,100.0,100.0,123.94190716628087
2026-02-20 19:02:13,100.0,100.0,123.90700880111883
2026-02-20 19:02:28,100.0,100.0,123.8721104359568
2026-02-20 19:02:43,100.0,100.0,123.83721207079476
2026-02-20 19:02:58,100.0,100.0,123.80231370563273
2026-02-20 19:03:13,100.0,100.0,123.76741534047069
2026-02-20 19:03:28,100.0,100.0,123.73251697530866
2026-02-20 19:03:43,100.0,100.0,123.6976186101466
2026-02-20 19:03:58,100.0,100.0,123.66272024498457
2026-02-20 19:04:13,100.0,100.0,123.62782187982253
2026-02-20 19:04:28,100.0,100.0,123.5929235146605
2026-02-20 19:04:43,100.0,100.0,123.55802514949846
2026-02-20 19:04:58,100.0,100.0,123.52312678433643
2026-02-20 19:05:13,100.0,100.0,123.48822841917439
2026-02-20 19:05:28,100.0,100.0,123.45333005401235
2026-02-20 19:05:43,100.0,100.0,123.41843168885032
2026-02-20 19:05:58,100.0,100.0,123.38353332368828
2026-02-20 19:06:13,100.0,100.0,123.34863495852625
2026-02-20 19:06:28,100.0,100.0,123.31373659336421
2026-02-20 19:06:43,100.0,100.0,123.27883822820216
2026-02-20 19:06:58,100.0,100.0,123.24393986304013
2026-02-20 19:07:13,100.0,100.0,123.20904149787809
2026-02-20 19:07:28,100.0,100.0,123.17414313271605
2026-02-20 19:07:43,100.0,100.0,123.13924476755402
2026-02-20 19:07:58,100.0,100.0,123.10434640239198
2026-02-20 19:08:13,100.0,100.0,123.06944803722995
2026-02-20 19:08:28,100.0,100.0,123.03454967206791
2026-02-20 19:08:43,100.0,100.0,122.99965130690588
2026-02-20 19:08:58,100.0,100.0,122.96475294174384
2026-02-20 19:09:13,100.0,100.0,122.92985457658179
2026-02-20 19:09:28,100.0,100.0,122.89495621141975
2026-02-20 19:09:43,100.0,100.0,122.86005784625772
2026-02-20 19:09:58,100.0,100.0,122.82515948109568
2026-02-20 19:10:13,100.0,100.0,122.79026111593365
2026-02-20 19:10:28,100.0,100.0,122.75536275077161
2026-02-20 19:10:43,100.0,100.0,122.72046438560957
2026-02-20 19:10:58,100.0,100.0,122.68556602044754
2026-02-20 19:11:13,100.0,100.0,122.6506676552855
2026-02-20 19:11:28,100.0,100.0,122.61576929012347
2026-02-20 19:11:43,100.0,100.0,122.58087092496143
2026-02-20 19:11:58,100.0,100.0,122.5459725597994
2026-02-20 19:12:13,100.0,100.0,122.51107419463736
2026-02-20 19:12:28,100.0,100.0,122.47617582947531
2026-02-20 19:12:43,100.0,100.0,122.44127746431327
2026-02-20 19:12:58,100.0,100.0,122.40637909915124
2026-02-20 19:13:13,100.0,100.0,122.3714807339892
2026-02-20 19:13:28,100.0,100.0,122.33658236882717
2026-02-20 19:13:43,100.0,100.0,122.30168400366513
2026-02-20 19:13:58,100.0,100.0,122.2667856385031
2026-02-20 19:14:13,100.0,100.0,122.23188727334106
2026-02-20 19:14:28,100.0,100.0,122.19698890817902
2026-02-20 19:14:43,100.0,100.0,122.16209054301699
2026-02-20 19:14:58,100.0,100.0,122.12719217785494
2026-02-20 19:15:13,100.0,100.0,122.0922938126929
2026-02-20 19:15:28,100.0,100.0,122.05739544753087
2026-02-20 19:15:43,100.0,100.0,122.02249708236883
2026-02-20 19:15:58,100.0,100.0,121.9875987172068
2026-02-20 19:16:13,100.0,100.0,121.95270035204476
2026-02-20 19:16:28,100.0,100.0,121.91780198688272
2026-02-20 19:16:43,100.0,100.0,121.88290362172069
2026-02-20 19:16:58,100.0,100.0,121.84800525655865
2026-02-20 19:17:13,100.0,100.0,121.81310689139661
2026-02-20 19:17:28,100.0,100.0,121.77820852623458
2026-02-20 19:17:43,100.0,100.0,121.74331016107254
2026-02-20 19:17:58,100.0,100.0,121.70841179591051
2026-02-20 19:18:13,100.0,100.0,121.67351343074846
2026-02-20 19:18:28,100.0,100.0,121.63861506558642
2026-02-20 19:18:43,100.0,100.0,121.60371670042439
2026-02-20 19:18:58,100.0,100.0,121.56881833526235
2026-02-20 19:19:13,100.0,100.0,121.53391997010031
2026-02-20 19:19:28,100.0,100.0,121.49902160493828
2026-02-20 19:19:43,100.0,100.0,121.46412323977624
2026-02-20 19:19:58,100.0,100.0,121.4292248746142
2026-02-20 19:20:13,100.0,100.0,121.39432650945217
2026-02-20 19:20:28,100.0,100.0,121.35942814429013
2026-02-20 19:20:43,100.0,100.0,121.32452977912808
2026-02-20 19:20:58,100.0,100.0,121.28963141396605
2026-02-20 19:21:13,100.0,100.0,121.25473304880401
2026-02-20 19:21:28,100.0,100.0,121.21983468364198
2026-02-20 19:21:43,100.0,100.0,121.18493631847994
2026-02-20 19:21:58,100.0,100.0,121.1500379533179
2026-02-20 19:22:13,100.0,100.0,121.11513958815587
2026-02-20 19:22:28,100.0,100.0,121.08024122299383
2026-02-20 19:22:43,100.0,100.0,121.0453428578318
2026-02-20 19:22:58,100.0,100.0,121.01044449266976
2026-02-20 19:23:13,100.0,100.0,120.97554612750773
2026-02-20 19:23:28,100.0,100.0,120.94064776234569
2026-02-20 19:23:43,100.0,100.0,120.90574939718365
2026-02-20 19:23:58,100.0,100.0,120.8708510320216
2026-02-20 19:24:13,100.0,100.0,120.83595266685957
2026-02-20 19:24:28,100.0,100.0,120.80105430169753
2026-02-20 19:24:43,100.0,100.0,120.7661559365355
2026-02-20 19:24:58,100.0,100.0,120.73125757137346
2026-02-20 19:25:13,100.0,100.0,120.69635920621143
2026-02-20 19:25:28,100.0,100.0,120.66146084104939
2026-02-20 19:25:43,100.0,100.0,120.62656247588735
2026-02-20 19:25:58,100.0,100.0,120.59166411072532
2026-02-20 19:26:13,100.0,100.0,120.55676574556328
2026-02-20 19:26:28,100.0,100.0,120.52186738040123
2026-02-20 19:26:43,100.0,100.0,120.4869690152392
2026-02-20 19:26:58,100.0,100.0,120.45207065007716
2026-02-20 19:27:13,100.0,100.0,120.41717228491513
2026-02-20 19:27:28,100.0,100.0,120.38227391975309
2026-02-20 19:27:43,100.0,100.0,120.34737555459105
2026-02-20 19:27:58,100.0,100.0,120.31247718942902
2026-02-20 19:28:13,100.0,100.0,120.27757882426698
2026-02-20 19:28:28,100.0,100.0,120.24268045910495
2026-02-20 19:28:43,100.0,100.0,120.20778209394291
2026-02-20 19:28:58,100.0,100.0,120.17288372878087
2026-02-20 19:29:13,100.0,100.0,120.13798536361884
2026-02-20 19:29:28,100.0,100.0,120.1030869984568
2026-02-20 19:29:43,100.0,100.0,120.06818863329475
2026-02-20 19:29:58,100.0,100.0,120.03329026813272
2026-02-20 19:30:13,100.0,100.0,119.99839190297068
2026-02-20 19:30:28,100.0,100.0,119.96349353780865
2026-02-20 19:30:43,100.0,100.0,119.92859517264661
2026-02-20 19:30:58,100.0,100.0,119.89369680748457
2026-02-20 19:31:13,100.0,100.0,119.85879844232254
2026-02-20 19:31:28,100.0,100.0,119.8239000771605
2026-02-20 19:31:43,100.0,100.0,119.78900171199847
2026-02-20 19:31:58,100.0,100.0,119.75410334683643
2026-02-20 19:32:13,100.0,100.0,119.71920498167438
2026-02-20 19:32:28,100.0,100.0,119.68430661651234
2026-02-20 19:32:43,100.0,100.0,119.64940825135031
2026-02-20 19:32:58,100.0,100.0,119.61450988618827
2026-02-20 19:33:13,100.0,100.0,119.57961152102624
2026-02-20 19:33:28,100.0,100.0,119.5447131558642
2026-02-20 19:33:43,100.0,100.0,119.50981479070217
2026-02-20 19:33:58,100.0,100.0,119.47491642554013
2026-02-20 19:34:13,100.0,100.0,119.4400180603781
2026-02-20 19:34:28,100.0,100.0,119.40511969521606
2026-02-20 19:34:43,100.0,100.0,119.37022133005402
2026-02-20 19:34:58,100.0,100.0,119.33532296489199
2026-02-20 19:35:13,100.0,100.0,119.30042459972995
2026-02-20 19:35:28,100.0,100.0,119.2655262345679
2026-02-20 19:35:43,100.0,100.0,119.23062786940586
2026-02-20 19:35:58,100.0,100.0,119.19572950424383
2026-02-20 19:36:13,100.0,100.0,119.1608311390818
2026-02-20 19:36:28,100.0,100.0,119.12593277391976
2026-02-20 19:36:43,100.0,100.0,119.09103440875772
2026-02-20 19:36:58,100.0,100.0,119.05613604359569
2026-02-20 19:37:13,100.0,100.0,119.02123767843365
2026-02-20 19:37:28,100.0,100.0,118.98633931327161
2026-02-20 19:37:43,100.0,100.0,118.95144094810958
2026-02-20 19:37:58,100.0,100.0,118.91654258294753
2026-02-20 19:38:13,100.0,100.0,118.88164421778549
2026-02-20 19:38:28,100.0,100.0,118.84674585262346
2026-02-20 19:38:43,100.0,100.0,118.81184748746142
2026-02-20 19:38:58,100.0,100.0,118.77694912229938
2026-02-20 19:39:13,100.0,100.0,118.74205075713735
2026-02-20 19:39:28,100.0,100.0,118.70715239197531
2026-02-20 19:39:43,100.0,100.0,118.67225402681328
2026-02-20 19:39:58,100.0,100.0,118.63735566165124
2026-02-20 19:40:13,100.0,100.0,118.6024572964892
2026-02-20 19:40:28,100.0,100.0,118.56755893132717
2026-02-20 19:40:43,100.0,100.0,118.53266056616513
2026-02-20 19:40:58,100.0,100.0,118.49776220100308
2026-02-20 19:41:13,100.0,100.0,118.46286383584105
2026-02-20 19:41:28,100.0,100.0,118.42796547067901
2026-02-20 19:41:43,100.0,100.0,118.39306710551698
2026-02-20 19:41:58,100.0,100.0,118.35816874035494
2026-02-20 19:42:13,100.0,100.0,118.3232703751929
2026-02-20 19:42:28,100.0,100.0,118.28837201003087
2026-02-20 19:42:43,100.0,100.0,118.25347364486883
2026-02-20 19:42:58,100.0,100.0,118.2185752797068
2026-02-20 19:43:13,100.0,100.0,118.18367691454476
2026-02-20 19:43:28,100.0,100.0,118.14877854938271
2026-02-20 19:43:43,100.0,100.0,118.11388018422068
2026-02-20 19:43:58,100.0,100.0,118.07898181905864
2026-02-20 19:44:13,100.0,100.0,118.0440834538966
2026-02-20 19:44:28,100.0,100.0,118.00918508873457
2026-02-20 19:44:43,100.0,100.0,117.97428672357253
2026-02-20 19:44:58,100.0,100.0,117.9393883584105
2026-02-20 19:45:13,100.0,100.0,117.90448999324846
2026-02-20 19:45:28,100.0,100.0,117.86959162808643
2026-02-20 19:45:43,100.0,100.0,117.83469326292439
2026-02-20 19:45:58,100.0,100.0,117.79979489776235
2026-02-20 19:46:13,100.0,100.0,117.76489653260032
2026-02-20 19:46:28,100.0,100.0,117.72999816743828
2026-02-20 19:46:43,100.0,100.0,117.69509980227623
2026-02-20 19:46:58,100.0,100.0,117.6602014371142
2026-02-20 19:47:13,100.0,100.0,117.62530307195216
2026-02-20 19:47:28,100.0,100.0,117.59040470679012
2026-02-20 19:47:43,100.0,100.0,117.55550634162809
2026-02-20 19:47:58,100.0,100.0,117.52060797646605
2026-02-20 19:48:13,100.0,100.0,117.48570961130402
2026-02-20 19:48:28,100.0,100.0,117.45081124614198
2026-02-20 19:48:43,100.0,100.0,117.41591288097995
2026-02-20 19:48:58,100.0,100.0,117.38101451581791
2026-02-20 19:49:13,100.0,100.0,117.34611615065586
2026-02-20 19:49:28,100.0,100.0,117.31121778549382
2026-02-20 19:49:43,100.0,100.0,117.27631942033179
2026-02-20 19:49:58,100.0,100.0,117.24142105516975
2026-02-20 19:50:13,100.0,100.0,117.20652269000772
2026-02-20 19:50:28,100.0,100.0,117.17162432484568
2026-02-20 19:50:43,100.0,100.0,117.13672595968364
2026-02-20 19:50:58,100.0,100.0,117.10182759452161
2026-02-20 19:51:13,100.0,100.0,117.06692922935957
2026-02-20 19:51:28,100.0,100.0,117.03203086419754
2026-02-20 19:51:43,100.0,100.0,116.9971324990355
2026-02-20 19:51:58,100.0,100.0,116.96223413387347
2026-02-20 19:52:13,100.0,100.0,116.92733576871143
2026-02-20 19:52:28,100.0,100.0,116.89243740354938
2026-02-20 19:52:43,100.0,100.0,116.85753903838734
2026-02-20 19:52:58,100.0,100.0,116.82264067322531
2026-02-20 19:53:13,100.0,100.0,116.78774230806327
2026-02-20 19:53:28,100.0,100.0,116.75284394290124
2026-02-20 19:53:43,100.0,100.0,116.7179455777392
2026-02-20 19:53:58,100.0,100.0,116.68304721257716
2026-02-20 19:54:13,100.0,100.0,116.64814884741513
2026-02-20 19:54:28,100.0,100.0,116.6132504822531
2026-02-20 19:54:43,100.0,100.0,116.57835211709104
2026-02-20 19:54:58,100.0,100.0,116.54345375192901
2026-02-20 19:55:13,100.0,100.0,116.50855538676697
2026-02-20 19:55:28,100.0,100.0,116.47365702160494
2026-02-20 19:55:43,100.0,100.0,116.4387586564429
2026-02-20 19:55:58,100.0,100.0,116.40386029128086
2026-02-20 19:56:13,100.0,100.0,116.36896192611883
2026-02-20 19:56:28,100.0,100.0,116.33406356095679
2026-02-20 19:56:43,100.0,100.0,116.29916519579476
2026-02-20 19:56:58,100.0,100.0,116.26426683063272
2026-02-20 19:57:13,100.0,100.0,116.22936846547069
2026-02-20 19:57:28,100.0,100.0,116.19447010030865
2026-02-20 19:57:43,100.0,100.0,116.15957173514661
2026-02-20 19:57:58,100.0,100.0,116.12467336998458
2026-02-20 19:58:13,100.0,100.0,116.08977500482254
2026-02-20 19:58:28,100.0,100.0,116.05487663966049
2026-02-20 19:58:43,100.0,100.0,116.01997827449846
2026-02-20 19:58:58,100.0,100.0,115.98507990933642
2026-02-20 19:59:13,100.0,100.0,115.95018154417438
2026-02-20 19:59:28,100.0,100.0,115.91528317901235
2026-02-20 19:59:43,100.0,100.0,115.88038481385031
2026-02-20 19:59:58,100.0,100.0,115.84548644868828
2026-02-20 20:00:13,100.0,100.0,115.67467915219908
2026-02-20 20:00:28,100.0,100.0,115.48296278935186
2026-02-20 20:00:43,100.0,100.0,115.29124642650463
2026-02-20 20:00:58,100.0,100.0,115.09953006365741
2026-02-20 20:01:13,100.0,100.0,114.9078137008102
2026-02-20 20:01:28,100.0,100.0,114.71609733796296
2026-02-20 20:01:43,100.0,100.0,114.52438097511575
2026-02-20 20:01:58,100.0,100.0,114.33266461226852
2026-02-20 20:02:13,100.0,100.0,114.1409482494213
2026-02-20 20:02:28,100.0,100.0,113.94923188657408
2026-02-20 20:02:43,100.0,100.0,113.75751552372685
2026-02-20 20:02:58,100.0,100.0,113.56579916087964
2026-02-20 20:03:13,100.0,100.0,113.3740827980324
2026-02-20 20:03:28,100.0,100.0,113.18236643518519
2026-02-20 20:03:43,100.0,100.0,112.99065007233797
2026-02-20 20:03:58,100.0,100.0,112.79893370949074
2026-02-20 20:04:13,100.0,100.0,112.60721734664352
2026-02-20 20:04:28,100.0,100.0,112.41550098379629
2026-02-20 20:04:43,100.0,100.0,112.22378462094908
2026-02-20 20:04:58,100.0,100.0,112.03206825810186
2026-02-20 20:05:13,100.0,100.0,111.84035189525463
2026-02-20 20:05:28,100.0,100.0,111.64863553240741
2026-02-20 20:05:43,100.0,100.0,111.4569191695602
2026-02-20 20:05:58,100.0,100.0,111.26520280671296
2026-02-20 20:06:13,100.0,100.0,111.07348644386575
2026-02-20 20:06:28,100.0,100.0,110.88177008101852
2026-02-20 20:06:43,100.0,100.0,110.6900537181713
2026-02-20 20:06:58,100.0,100.0,110.49833735532408
2026-02-20 20:07:13,100.0,100.0,110.30662099247685
2026-02-20 20:07:28,100.0,100.0,110.11490462962963
2026-02-20 20:07:43,100.0,100.0,109.9231882667824
2026-02-20 20:07:58,100.0,100.0,109.73147190393519
2026-02-20 20:08:13,100.0,100.0,109.53975554108797
2026-02-20 20:08:28,100.0,100.0,109.34803917824074
2026-02-20 20:08:43,100.0,100.0,109.15632281539352
2026-02-20 20:08:58,100.0,100.0,108.96460645254629
2026-02-20 20:09:13,100.0,100.0,108.77289008969908
2026-02-20 20:09:28,100.0,100.0,108.58117372685186
2026-02-20 20:09:43,100.0,100.0,108.38945736400463
2026-02-20 20:09:58,100.0,100.0,108.19774100115741
2026-02-20 20:10:13,100.0,100.0,108.0060246383102
2026-02-20 20:10:28,100.0,100.0,107.81430827546296
2026-02-20 20:10:43,100.0,100.0,107.62259191261575
2026-02-20 20:10:58,100.0,100.0,107.43087554976852
2026-02-20 20:11:13,100.0,100.0,107.2391591869213
2026-02-20 20:11:28,100.0,100.0,107.04744282407408
2026-02-20 20:11:43,100.0,100.0,106.85572646122685
2026-02-20 20:11:58,100.0,100.0,106.66401009837963
2026-02-20 20:12:13,100.0,100.0,106.47229373553242
2026-02-20 20:12:28,100.0,100.0,106.28057737268519
2026-02-20 20:12:43,100.0,100.0,106.08886100983797
2026-02-20 20:12:58,100.0,100.0,105.89714464699074
2026-02-20 20:13:13,100.0,100.0,105.70542828414352
2026-02-20 20:13:28,100.0,100.0,105.5137119212963
2026-02-20 20:13:43,100.0,100.0,105.32199555844907
2026-02-20 20:13:58,100.0,100.0,105.13027919560186
2026-02-20 20:14:13,100.0,100.0,104.93856283275463
2026-02-20 20:14:28,100.0,100.0,104.74684646990741
2026-02-20 20:14:43,100.0,100.0,104.5551301070602
2026-02-20 20:14:58,100.0,100.0,104.36341374421296
2026-02-20 20:15:13,100.0,100.0,104.17169738136575
2026-02-20 20:15:28,100.0,100.0,103.97998101851852
2026-02-20 20:15:43,100.0,100.0,103.7882646556713
2026-02-20 20:15:58,100.0,100.0,103.59654829282408
2026-02-20 20:16:13,100.0,100.0,103.40483192997685
2026-02-20 20:16:28,100.0,100.0,103.21311556712963
2026-02-20 20:16:43,100.0,100.0,103.0213992042824
2026-02-20 20:16:58,100.0,100.0,102.82968284143519
2026-02-20 20:17:13,100.0,100.0,102.63796647858797
2026-02-20 20:17:28,100.0,100.0,102.44625011574074
2026-02-20 20:17:43,100.0,100.0,102.25453375289352
2026-02-20 20:17:58,100.0,100.0,102.06281739004629
2026-02-20 20:18:13,100.0,100.0,101.87110102719907
2026-02-20 20:18:28,100.0,100.0,101.67938466435186
2026-02-20 20:18:43,100.0,100.0,101.48766830150463
2026-02-20 20:18:58,100.0,100.0,101.29595193865741
2026-02-20 20:19:13,100.0,100.0,101.1042355758102
2026-02-20 20:19:28,100.0,100.0,100.91251921296296
2026-02-20 20:19:43,100.0,100.0,100.72080285011575
2026-02-20 20:19:58,100.0,100.0,100.52908648726851
2026-02-20 20:20:13,100.0,100.0,100.3373701244213
2026-02-20 20:20:28,100.0,100.0,100.14565376157408
2026-02-20 20:20:43,100.0,100.0,99.95393739872685
2026-02-20 20:20:58,100.0,100.0,99.76222103587963
2026-02-20 20:21:13,100.0,100.0,99.57050467303242
2026-02-20 20:21:28,100.0,100.0,99.37878831018519
2026-02-20 20:21:43,100.0,100.0,99.18707194733797
2026-02-20 20:21:58,100.0,100.0,98.99535558449074
2026-02-20 20:22:13,100.0,100.0,98.80363922164352
2026-02-20 20:22:28,100.0,100.0,98.6119228587963
2026-02-20 20:22:43,100.0,100.0,98.42020649594907
2026-02-20 20:22:58,100.0,100.0,98.22849013310186
2026-02-20 20:23:13,100.0,100.0,98.03677377025463
2026-02-20 20:23:28,100.0,100.0,97.84505740740741
2026-02-20 20:23:43,100.0,100.0,97.6533410445602
2026-02-20 20:23:58,100.0,100.0,97.46162468171296
2026-02-20 20:24:13,100.0,100.0,97.26990831886575
2026-02-20 20:24:28,100.0,100.0,97.07819195601851
2026-02-20 20:24:43,100.0,100.0,96.8864755931713
2026-02-20 20:24:58,100.0,100.0,96.69475923032408
2026-02-20 20:25:13,100.0,100.0,96.50304286747685
2026-02-20 20:25:28,100.0,100.0,96.31132650462963
2026-02-20 20:25:43,100.0,100.0,96.1196101417824
2026-02-20 20:25:58,100.0,100.0,95.92789377893519
2026-02-20 20:26:13,100.0,100.0,95.73617741608797
2026-02-20 20:26:28,100.0,100.0,95.54446105324074
2026-02-20 20:26:43,100.0,100.0,95.35274469039352
2026-02-20 20:26:58,100.0,100.0,95.16102832754629
2026-02-20 20:27:13,100.0,100.0,94.96931196469907
2026-02-20 20:27:28,100.0,100.0,94.77759560185186
2026-02-20 20:27:43,100.0,100.0,94.58587923900464
2026-02-20 20:27:58,100.0,100.0,94.39416287615741
2026-02-20 20:28:13,100.0,100.0,94.20244651331019
2026-02-20 20:28:28,100.0,100.0,94.01073015046296
2026-02-20 20:28:43,100.0,100.0,93.81901378761575
2026-02-20 20:28:58,100.0,100.0,93.62729742476853
2026-02-20 20:29:13,100.0,100.0,93.4355810619213
2026-02-20 20:29:28,100.0,100.0,93.24386469907408
2026-02-20 20:29:43,100.0,100.0,93.05214833622685
2026-02-20 20:29:58,100.0,100.0,92.86043197337963
2026-02-20 20:30:13,100.0,100.0,92.66871561053242
2026-02-20 20:30:28,100.0,100.0,92.47699924768519
2026-02-20 20:30:43,100.0,100.0,92.28528288483797
2026-02-20 20:30:58,100.0,100.0,92.09356652199074
2026-02-20 20:31:13,100.0,100.0,91.90185015914352
2026-02-20 20:31:28,100.0,100.0,91.7101337962963
2026-02-20 20:31:43,100.0,100.0,91.51841743344907
2026-02-20 20:31:58,100.0,100.0,91.32670107060186
2026-02-20 20:32:13,100.0,100.0,91.13498470775463
2026-02-20 20:32:28,100.0,100.0,90.94326834490741
2026-02-20 20:32:43,100.0,100.0,90.75155198206019
2026-02-20 20:32:58,100.0,100.0,90.55983561921296
2026-02-20 20:33:13,100.0,100.0,90.36811925636574
2026-02-20 20:33:28,100.0,100.0,90.17640289351851
2026-02-20 20:33:43,100.0,100.0,89.9846865306713
2026-02-20 20:33:58,100.0,100.0,89.79297016782408
2026-02-20 20:34:13,100.0,100.0,89.60125380497685
2026-02-20 20:34:28,100.0,100.0,89.40953744212963
2026-02-20 20:34:43,100.0,100.0,89.2178210792824
2026-02-20 20:34:58,100.0,100.0,89.02610471643519
2026-02-20 20:35:13,100.0,100.0,88.83438835358797
2026-02-20 20:35:28,100.0,100.0,88.64267199074075
2026-02-20 20:35:43,100.0,100.0,88.45095562789352
2026-02-20 20:35:58,100.0,100.0,88.25923926504629
2026-02-20 20:36:13,100.0,100.0,88.06752290219907
2026-02-20 20:36:28,100.0,100.0,87.87580653935186
2026-02-20 20:36:43,100.0,100.0,87.68409017650464
2026-02-20 20:36:58,100.0,100.0,87.49237381365741
2026-02-20 20:37:13,100.0,100.0,87.30065745081019
2026-02-20 20:37:28,100.0,100.0,87.10894108796296
2026-02-20 20:37:43,100.0,100.0,86.91722472511574
2026-02-20 20:37:58,100.0,100.0,86.72550836226853
2026-02-20 20:38:13,100.0,100.0,86.5337919994213
2026-02-20 20:38:28,100.0,100.0,86.34207563657408
2026-02-20 20:38:43,100.0,100.0,86.15035927372685
2026-02-20 20:38:58,100.0,100.0,85.95864291087963
2026-02-20 20:39:13,100.0,100.0,85.76692654803242
2026-02-20 20:39:28,100.0,100.0,85.57521018518518
2026-02-20 20:39:43,100.0,100.0,85.38349382233797
2026-02-20 20:39:58,100.0,100.0,85.19177745949074
2026-02-20 20:40:13,100.0,100.0,85.00006109664352
2026-02-20 20:40:28,100.0,100.0,84.8083447337963
2026-02-20 20:40:43,100.0,100.0,84.61662837094907
2026-02-20 20:40:58,100.0,100.0,84.42491200810186
2026-02-20 20:41:13,100.0,100.0,84.23319564525463
2026-02-20 20:41:28,100.0,100.0,84.04147928240741
2026-02-20 20:41:43,100.0,100.0,83.84976291956019
2026-02-20 20:41:58,100.0,100.0,83.65804655671297
2026-02-20 20:42:13,100.0,100.0,83.46633019386574
2026-02-20 20:42:28,100.0,100.0,83.27461383101851
2026-02-20 20:42:43,100.0,100.0,83.0828974681713
2026-02-20 20:42:58,100.0,100.0,82.89118110532408
2026-02-20 20:43:13,100.0,100.0,82.69946474247686
2026-02-20 20:43:28,100.0,100.0,82.50774837962963
2026-02-20 20:43:43,100.0,100.0,82.3160320167824
2026-02-20 20:43:58,100.0,100.0,82.12431565393518
2026-02-20 20:44:13,100.0,100.0,81.93259929108797
2026-02-20 20:44:28,100.0,100.0,81.74088292824075
2026-02-20 20:44:43,100.0,100.0,81.54916656539352
2026-02-20 20:44:58,100.0,100.0,81.35745020254629
2026-02-20 20:45:13,100.0,100.0,81.16573383969907
2026-02-20 20:45:28,100.0,100.0,80.97401747685186
2026-02-20 20:45:43,100.0,100.0,80.78230111400464
2026-02-20 20:45:58,100.0,100.0,80.59058475115741
2026-02-20 20:46:13,100.0,100.0,80.39886838831018
2026-02-20 20:46:28,100.0,100.0,80.20715202546296
2026-02-20 20:46:43,100.0,100.0,80.01543566261574
2026-02-20 20:46:58,100.0,100.0,79.82371929976853
2026-02-20 20:47:13,100.0,100.0,79.6320029369213
2026-02-20 20:47:28,100.0,100.0,79.44028657407408
2026-02-20 20:47:43,100.0,100.0,79.24857021122685
2026-02-20 20:47:58,100.0,100.0,79.05685384837963
2026-02-20 20:48:13,100.0,100.0,78.86513748553241
2026-02-20 20:48:28,100.0,100.0,78.67342112268518
2026-02-20 20:48:43,100.0,100.0,78.48170475983797
2026-02-20 20:48:58,100.0,100.0,78.28998839699074
2026-02-20 20:49:13,100.0,100.0,78.09827203414352
2026-02-20 20:49:28,100.0,100.0,77.9065556712963
2026-02-20 20:49:43,100.0,100.0,77.71483930844909
2026-02-20 20:49:58,100.0,100.0,77.52312294560186
2026-02-20 20:50:13,100.0,100.0,77.33140658275462
2026-02-20 20:50:28,100.0,100.0,77.13969021990741
2026-02-20 20:50:43,100.0,100.0,76.94797385706019
2026-02-20 20:50:58,100.0,100.0,76.75625749421297
2026-02-20 20:51:13,100.0,100.0,76.56454113136574
2026-02-20 20:51:28,100.0,100.0,76.37282476851851
2026-02-20 20:51:43,100.0,100.0,76.1811084056713
2026-02-20 20:51:58,100.0,100.0,75.98939204282408
2026-02-20 20:52:13,100.0,100.0,75.79767567997686
2026-02-20 20:52:28,100.0,100.0,75.60595931712963
2026-02-20 20:52:43,100.0,100.0,75.4142429542824
2026-02-20 20:52:58,100.0,100.0,75.22252659143518
2026-02-20 20:53:13,100.0,100.0,75.03081022858797
2026-02-20 20:53:28,100.0,100.0,74.83909386574075
2026-02-20 20:53:43,100.0,100.0,74.64737750289352
2026-02-20 20:53:58,100.0,100.0,74.45566114004629
2026-02-20 20:54:13,100.0,100.0,74.26394477719907
2026-02-20 20:54:28,100.0,100.0,74.07222841435186
2026-02-20 20:54:43,100.0,100.0,73.88051205150464
2026-02-20 20:54:58,100.0,100.0,73.68879568865741
2026-02-20 20:55:13,100.0,100.0,73.49707932581019
2026-02-20 20:55:28,100.0,100.0,73.30536296296296
2026-02-20 20:55:43,100.0,100.0,73.11364660011574
2026-02-20 20:55:58,100.0,100.0,72.92193023726853
2026-02-20 20:56:13,100.0,100.0,72.7302138744213
2026-02-20 20:56:28,100.0,100.0,72.53849751157408
2026-02-20 20:56:43,100.0,100.0,72.34678114872685
2026-02-20 20:56:58,100.0,100.0,72.15506478587963
2026-02-20 20:57:13,100.0,100.0,71.96334842303241
2026-02-20 20:57:28,100.0,100.0,71.7716320601852
2026-02-20 20:57:43,100.0,100.0,71.57991569733797
2026-02-20 20:57:58,100.0,100.0,71.38819933449074
2026-02-20 20:58:13,100.0,100.0,71.19648297164352
2026-02-20 20:58:28,100.0,100.0,71.0047666087963
2026-02-20 20:58:43,100.0,100.0,70.81305024594909
2026-02-20 20:58:58,100.0,100.0,70.62133388310185
2026-02-20 20:59:13,100.0,100.0,70.42961752025462
2026-02-20 20:59:28,100.0,100.0,70.2379011574074
2026-02-20 20:59:43,100.0,100.0,70.04618479456019
2026-02-20 20:59:58,100.0,100.0,69.85446843171297
2026-02-20 21:00:13,100.0,100.0,69.66275206886574
2026-02-20 21:00:28,100.0,100.0,69.47103570601851
2026-02-20 21:00:43,100.0,100.0,69.2793193431713
2026-02-20 21:00:58,100.0,100.0,69.08760298032408
2026-02-20 21:01:13,100.0,100.0,68.89588661747686
2026-02-20 21:01:28,100.0,100.0,68.70417025462963
2026-02-20 21:01:43,100.0,100.0,68.5124538917824
2026-02-20 21:01:58,100.0,100.0,68.32073752893518
2026-02-20 21:02:13,100.0,100.0,68.12902116608797
2026-02-20 21:02:28,100.0,100.0,67.93730480324075
2026-02-20 21:02:43,100.0,100.0,67.74558844039352
2026-02-20 21:02:58,100.0,100.0,67.55387207754629
2026-02-20 21:03:13,100.0,100.0,67.36215571469907
2026-02-20 21:03:28,100.0,100.0,67.17043935185185
2026-02-20 21:03:43,100.0,100.0,66.97872298900464
2026-02-20 21:03:58,100.0,100.0,66.7870066261574
2026-02-20 21:04:13,100.0,100.0,66.59529026331019
2026-02-20 21:04:28,100.0,100.0,66.40357390046296
2026-02-20 21:04:43,100.0,100.0,66.21185753761574
2026-02-20 21:04:58,100.0,100.0,66.02014117476853
2026-02-20 21:05:13,100.0,100.0,65.82842481192131
2026-02-20 21:05:28,100.0,100.0,65.63670844907408
2026-02-20 21:05:43,100.0,100.0,65.44499208622685
2026-02-20 21:05:58,100.0,100.0,65.25327572337963
2026-02-20 21:06:13,100.0,100.0,65.06155936053241
2026-02-20 21:06:28,100.0,100.0,64.8698429976852
2026-02-20 21:06:43,100.0,100.0,64.67812663483797
2026-02-20 21:06:58,100.0,100.0,64.48641027199074
2026-02-20 21:07:13,100.0,100.0,64.29469390914352
2026-02-20 21:07:28,100.0,100.0,64.1029775462963
2026-02-20 21:07:43,100.0,100.0,63.91126118344908
2026-02-20 21:07:58,100.0,100.0,63.719544820601854
2026-02-20 21:08:13,100.0,100.0,63.52782845775463
2026-02-20 21:08:28,100.0,100.0,63.336112094907406
2026-02-20 21:08:43,100.0,100.0,63.14439573206019
2026-02-20 21:08:58,100.0,100.0,62.952679369212966
2026-02-20 21:09:13,100.0,100.0,62.76096300636574
2026-02-20 21:09:28,100.0,100.0,62.56924664351852
2026-02-20 21:09:43,100.0,100.0,62.3775302806713
2026-02-20 21:09:58,100.0,100.0,62.18581391782408
2026-02-20 21:10:13,100.0,100.0,61.994097554976854
2026-02-20 21:10:28,100.0,100.0,61.80238119212963
2026-02-20 21:10:43,100.0,100.0,61.610664829282406
2026-02-20 21:10:58,100.0,100.0,61.41894846643519
2026-02-20 21:11:13,100.0,100.0,61.227232103587966
2026-02-20 21:11:28,100.0,100.0,61.03551574074074
2026-02-20 21:11:43,100.0,100.0,60.84379937789352
2026-02-20 21:11:58,100.0,100.0,60.6520830150463
2026-02-20 21:12:13,100.0,100.0,60.46036665219908
2026-02-20 21:12:28,100.0,100.0,60.268650289351854
2026-02-20 21:12:43,100.0,100.0,60.07693392650463
2026-02-20 21:12:58,100.0,100.0,59.885217563657406
2026-02-20 21:13:13,100.0,100.0,59.69350120081019
2026-02-20 21:13:28,100.0,100.0,59.501784837962965
2026-02-20 21:13:43,100.0,100.0,59.31006847511574
2026-02-20 21:13:58,100.0,100.0,59.11835211226852
2026-02-20 21:14:13,100.0,100.0,58.9266357494213
2026-02-20 21:14:28,100.0,100.0,58.73491938657408
2026-02-20 21:14:43,100.0,100.0,58.54320302372685
2026-02-20 21:14:58,100.0,100.0,58.35148666087963
2026-02-20 21:15:13,100.0,100.0,58.159770298032406
2026-02-20 21:15:28,100.0,100.0,57.96805393518519
2026-02-20 21:15:43,100.0,100.0,57.776337572337965
2026-02-20 21:15:58,100.0,100.0,57.58462120949074
2026-02-20 21:16:13,100.0,100.0,57.39290484664352
2026-02-20 21:16:28,100.0,100.0,57.2011884837963
2026-02-20 21:16:43,100.0,100.0,57.00947212094908
2026-02-20 21:16:58,100.0,100.0,56.81775575810185
2026-02-20 21:17:13,100.0,100.0,56.62603939525463
2026-02-20 21:17:28,100.0,100.0,56.43432303240741
2026-02-20 21:17:43,100.0,100.0,56.24260666956019
2026-02-20 21:17:58,100.0,100.0,56.050890306712965
2026-02-20 21:18:13,100.0,100.0,55.85917394386574
2026-02-20 21:18:28,100.0,100.0,55.66745758101852
2026-02-20 21:18:43,100.0,100.0,55.4757412181713
2026-02-20 21:18:58,100.0,100.0,55.28402485532408
2026-02-20 21:19:13,100.0,100.0,55.09230849247685
2026-02-20 21:19:28,100.0,100.0,54.90059212962963
2026-02-20 21:19:43,100.0,100.0,54.70887576678241
2026-02-20 21:19:58,100.0,100.0,54.51715940393519
2026-02-20 21:20:13,100.0,100.0,54.325443041087965
2026-02-20 21:20:28,100.0,100.0,54.13372667824074
2026-02-20 21:20:43,100.0,100.0,53.94201031539352
2026-02-20 21:20:58,100.0,100.0,53.7502939525463
2026-02-20 21:21:13,100.0,100.0,53.55857758969908
2026-02-20 21:21:28,100.0,100.0,53.36686122685185
2026-02-20 21:21:43,100.0,100.0,53.17514486400463
2026-02-20 21:21:58,100.0,100.0,52.98342850115741
2026-02-20 21:22:13,100.0,100.0,52.79171213831019
2026-02-20 21:22:28,100.0,100.0,52.599995775462965
2026-02-20 21:22:43,100.0,100.0,52.40827941261574
2026-02-20 21:22:58,100.0,100.0,52.21656304976852
2026-02-20 21:23:13,100.0,100.0,52.0248466869213
2026-02-20 21:23:28,100.0,100.0,51.83313032407408
2026-02-20 21:23:43,100.0,100.0,51.64141396122686
2026-02-20 21:23:58,100.0,100.0,51.44969759837963
2026-02-20 21:24:13,100.0,100.0,51.25798123553241
2026-02-20 21:24:28,100.0,100.0,51.06626487268518
2026-02-20 21:24:43,100.0,100.0,50.874548509837965
2026-02-20 21:24:58,100.0,100.0,50.68283214699075
2026-02-20 21:25:13,100.0,100.0,50.49111578414352
2026-02-20 21:25:28,100.0,100.0,50.2993994212963
2026-02-20 21:25:43,100.0,100.0,50.10768305844907
2026-02-20 21:25:58,100.0,100.0,49.91596669560185
2026-02-20 21:26:13,100.0,100.0,49.724250332754636
2026-02-20 21:26:28,100.0,100.0,49.532533969907405
2026-02-20 21:26:43,100.0,100.0,49.34081760706019
2026-02-20 21:26:58,100.0,100.0,49.14910124421297
2026-02-20 21:27:13,100.0,100.0,48.95738488136574
2026-02-20 21:27:28,100.0,100.0,48.765668518518524
2026-02-20 21:27:43,100.0,100.0,48.57395215567129
2026-02-20 21:27:58,100.0,100.0,48.382235792824076
2026-02-20 21:28:13,100.0,100.0,48.19051942997686
2026-02-20 21:28:28,100.0,100.0,47.99880306712963
2026-02-20 21:28:43,100.0,100.0,47.80708670428241
2026-02-20 21:28:58,100.0,100.0,47.61537034143518
2026-02-20 21:29:13,100.0,100.0,47.423653978587964
2026-02-20 21:29:28,100.0,100.0,47.23193761574075
2026-02-20 21:29:43,100.0,100.0,47.04022125289352
2026-02-20 21:29:58,100.0,100.0,46.8485048900463
2026-02-20 21:30:13,100.0,100.0,46.65678852719907
2026-02-20 21:30:28,100.0,100.0,46.46507216435185
2026-02-20 21:30:43,100.0,100.0,46.273355801504636
2026-02-20 21:30:58,100.0,100.0,46.081639438657405
2026-02-20 21:31:13,100.0,100.0,45.88992307581019
2026-02-20 21:31:28,100.0,100.0,45.69820671296297
2026-02-20 21:31:43,100.0,100.0,45.50649035011574
2026-02-20 21:31:58,100.0,100.0,45.314773987268524
2026-02-20 21:32:13,100.0,100.0,45.12305762442129
2026-02-20 21:32:28,100.0,100.0,44.931341261574076
2026-02-20 21:32:43,100.0,100.0,44.73962489872686
2026-02-20 21:32:58,100.0,100.0,44.54790853587963
2026-02-20 21:33:13,100.0,100.0,44.35619217303241
2026-02-20 21:33:28,100.0,100.0,44.16447581018518
2026-02-20 21:33:43,100.0,100.0,43.972759447337964
2026-02-20 21:33:58,100.0,100.0,43.78104308449075
2026-02-20 21:34:13,100.0,100.0,43.589326721643516
2026-02-20 21:34:28,100.0,100.0,43.3976103587963
2026-02-20 21:34:43,100.0,100.0,43.20589399594908
2026-02-20 21:34:58,100.0,100.0,43.01417763310185
2026-02-20 21:35:13,100.0,100.0,42.822461270254635
2026-02-20 21:35:28,100.0,100.0,42.630744907407404
2026-02-20 21:35:43,100.0,100.0,42.43902854456019
2026-02-20 21:35:58,100.0,100.0,42.24731218171297
2026-02-20 21:36:13,100.0,100.0,42.05559581886574
2026-02-20 21:36:28,100.0,100.0,41.86387945601852
2026-02-20 21:36:43,100.0,100.0,41.67216309317129
2026-02-20 21:36:58,100.0,100.0,41.480446730324076
2026-02-20 21:37:12,100.0,100.0,41.30151145833334
2026-02-20 21:37:28,100.0,100.0,41.09701400462963
2026-02-20 21:37:43,100.0,100.0,40.90529764178241
2026-02-20 21:37:58,100.0,100.0,40.71358127893518
2026-02-20 21:38:13,100.0,100.0,40.521864916087964
2026-02-20 21:38:28,100.0,100.0,40.33014855324075
2026-02-20 21:38:43,100.0,100.0,40.138432190393516
2026-02-20 21:38:58,100.0,100.0,39.9467158275463
2026-02-20 21:39:13,100.0,100.0,39.75499946469908
2026-02-20 21:39:28,100.0,100.0,39.56328310185185
2026-02-20 21:39:43,100.0,100.0,39.371566739004635
2026-02-20 21:39:58,100.0,100.0,39.179850376157404
2026-02-20 21:40:13,100.0,100.0,38.98813401331019
2026-02-20 21:40:28,100.0,100.0,38.79641765046297
2026-02-20 21:40:43,100.0,100.0,38.60470128761574
2026-02-20 21:40:58,100.0,100.0,38.41298492476852
2026-02-20 21:41:13,100.0,100.0,38.22126856192129
2026-02-20 21:41:28,100.0,100.0,38.029552199074075
2026-02-20 21:41:43,100.0,100.0,37.83783583622686
2026-02-20 21:41:58,100.0,100.0,37.64611947337963
2026-02-20 21:42:12,100.0,100.0,37.46718420138889
2026-02-20 21:42:28,100.0,100.0,37.26268674768518
2026-02-20 21:42:43,100.0,100.0,37.07097038483796
2026-02-20 21:42:58,100.0,100.0,36.87925402199075
2026-02-20 21:43:13,100.0,100.0,36.687537659143516
2026-02-20 21:43:27,100.0,100.0,36.50860238715278
2026-02-20 21:43:43,100.0,100.0,36.30410493344908
2026-02-20 21:43:58,100.0,100.0,36.11238857060185
2026-02-20 21:44:13,100.0,100.0,35.920672207754635
2026-02-20 21:44:28,100.0,100.0,35.728955844907404
2026-02-20 21:44:43,100.0,100.0,35.53723948206019
2026-02-20 21:44:57,100.0,100.0,35.35830421006945
2026-02-20 21:45:13,100.0,100.0,35.15380675636574
2026-02-20 21:45:28,100.0,100.0,34.96209039351852
2026-02-20 21:45:43,100.0,100.0,34.77037403067129
2026-02-20 21:45:57,100.0,100.0,34.59143875868055
2026-02-20 21:46:12,100.0,100.0,34.39972239583334
2026-02-20 21:46:27,100.0,100.0,34.20800603298612
2026-02-20 21:46:43,100.0,100.0,34.00350857928241
2026-02-20 21:46:57,100.0,100.0,33.82457330729167
2026-02-20 21:47:12,100.0,100.0,33.63285694444444
2026-02-20 21:47:27,100.0,100.0,33.441140581597224
2026-02-20 21:47:43,100.0,100.0,33.236643127893515
2026-02-20 21:47:57,100.0,100.0,33.05770785590278
2026-02-20 21:48:12,100.0,100.0,32.86599149305556
2026-02-20 21:48:27,100.0,100.0,32.67427513020833
2026-02-20 21:48:43,100.0,100.0,32.469777676504634
2026-02-20 21:48:57,100.0,100.0,32.290842404513896
2026-02-20 21:49:13,100.0,100.0,32.08634495081019
2026-02-20 21:49:27,100.0,100.0,31.907409678819448
2026-02-20 21:49:43,100.0,100.0,31.70291222511574
2026-02-20 21:49:57,100.0,100.0,31.523976953125
2026-02-20 21:50:13,100.0,100.0,31.31947949942129
2026-02-20 21:50:27,100.0,100.0,31.140544227430553
2026-02-20 21:50:43,100.0,100.0,30.936046773726858
2026-02-20 21:50:58,100.0,100.0,30.744330410879627
2026-02-20 21:51:12,100.0,100.0,30.56539513888889
2026-02-20 21:51:28,100.0,100.0,30.360897685185193
2026-02-20 21:51:42,100.0,100.0,30.18196241319444
2026-02-20 21:51:58,100.0,100.0,29.977464959490746
2026-02-20 21:52:12,100.0,100.0,29.798529687500007
2026-02-20 21:52:28,100.0,100.0,29.594032233796298
2026-02-20 21:52:42,100.0,100.0,29.41509696180556
2026-02-20 21:52:57,100.0,100.0,29.22338059895833
2026-02-20 21:53:12,100.0,100.0,29.031664236111112
2026-02-20 21:53:28,100.0,100.0,28.827166782407403
2026-02-20 21:53:42,100.0,100.0,28.648231510416664
2026-02-20 21:53:57,100.0,100.0,28.456515147569448
2026-02-20 21:54:12,100.0,100.0,28.264798784722217
2026-02-20 21:54:28,100.0,100.0,28.060301331018522
2026-02-20 21:54:42,100.0,100.0,27.881366059027783
2026-02-20 21:54:58,100.0,100.0,27.676868605324074
2026-02-20 21:55:13,100.0,100.0,27.485152242476858
2026-02-20 21:55:27,100.0,100.0,27.30621697048612
2026-02-20 21:55:43,100.0,100.0,27.10171951678241
2026-02-20 21:55:57,100.0,100.0,26.92278424479167
2026-02-20 21:56:12,100.0,100.0,26.73106788194444
2026-02-20 21:56:28,100.0,100.0,26.526570428240746
2026-02-20 21:56:42,100.0,100.0,26.347635156250007
2026-02-20 21:56:57,100.0,100.0,26.155918793402776
2026-02-20 21:57:13,100.0,100.0,25.95142133969908
2026-02-20 21:57:28,100.0,100.0,25.75970497685185
2026-02-20 21:57:42,100.0,100.0,25.580769704861112
2026-02-20 21:57:57,100.0,100.0,25.389053342013895
2026-02-20 21:58:12,100.0,100.0,25.197336979166664
2026-02-20 21:58:27,100.0,100.0,25.005620616319447
2026-02-20 21:58:42,100.0,100.0,24.81390425347223
2026-02-20 21:58:57,100.0,100.0,24.622187890625
2026-02-20 21:59:12,100.0,100.0,24.430471527777783
2026-02-20 21:59:27,100.0,100.0,24.238755164930552
2026-02-20 21:59:42,100.0,100.0,24.047038802083335
2026-02-20 21:59:57,100.0,100.0,23.85532243923612
2026-02-20 22:00:13,100.0,100.0,23.79964243595237
2026-02-20 22:00:27,100.0,100.0,23.78097211056775
2026-02-20 22:00:42,100.0,100.0,23.76096819051279
2026-02-20 22:00:57,100.0,100.0,23.740964270457837
2026-02-20 22:01:13,100.0,100.0,23.719626755732552
2026-02-20 22:01:27,100.0,100.0,23.70095643034793
2026-02-20 22:01:42,100.0,100.0,23.680952510292975
2026-02-20 22:01:57,100.0,100.0,23.660948590238018
2026-02-20 22:02:12,100.0,100.0,23.640944670183064
2026-02-20 22:02:27,100.0,100.0,23.62094075012811
2026-02-20 22:02:42,100.0,100.0,23.600936830073156
2026-02-20 22:02:57,100.0,100.0,23.5809329100182
2026-02-20 22:03:12,100.0,100.0,23.560928989963244
2026-02-20 22:03:27,100.0,100.0,23.54092506990829
2026-02-20 22:03:42,100.0,100.0,23.520921149853336
2026-02-20 22:03:57,100.0,100.0,23.500917229798382
2026-02-20 22:04:12,100.0,100.0,23.480913309743425
2026-02-20 22:04:27,100.0,100.0,23.46090938968847
2026-02-20 22:04:42,100.0,100.0,23.440905469633517
2026-02-20 22:04:57,100.0,100.0,23.420901549578563
2026-02-20 22:05:12,100.0,100.0,23.400897629523605
2026-02-20 22:05:27,100.0,100.0,23.38089370946865
2026-02-20 22:05:42,100.0,100.0,23.360889789413697
2026-02-20 22:05:57,100.0,100.0,23.340885869358743
2026-02-20 22:06:12,100.0,100.0,23.32088194930379
2026-02-20 22:06:27,100.0,100.0,23.300878029248832
2026-02-20 22:06:42,100.0,100.0,23.280874109193878
2026-02-20 22:06:57,100.0,100.0,23.260870189138924
2026-02-20 22:07:12,100.0,100.0,23.24086626908397
2026-02-20 22:07:27,100.0,100.0,23.220862349029016
2026-02-20 22:07:42,100.0,100.0,23.20085842897406
2026-02-20 22:07:57,100.0,100.0,23.180854508919104
2026-02-20 22:08:12,100.0,100.0,23.16085058886415
2026-02-20 22:08:27,100.0,100.0,23.140846668809196
2026-02-20 22:08:42,100.0,100.0,23.12084274875424
2026-02-20 22:08:57,100.0,100.0,23.100838828699285
2026-02-20 22:09:12,100.0,100.0,23.08083490864433
2026-02-20 22:09:27,100.0,100.0,23.060830988589377
2026-02-20 22:09:42,100.0,100.0,23.040827068534423
2026-02-20 22:09:57,100.0,100.0,23.020823148479465
2026-02-20 22:10:12,100.0,100.0,23.00081922842451
2026-02-20 22:10:27,100.0,100.0,22.980815308369557
2026-02-20 22:10:42,100.0,100.0,22.960811388314603
2026-02-20 22:10:57,100.0,100.0,22.94080746825965
2026-02-20 22:11:12,100.0,100.0,22.92080354820469
2026-02-20 22:11:27,100.0,100.0,22.900799628149738
2026-02-20 22:11:42,100.0,100.0,22.880795708094784
2026-02-20 22:11:57,100.0,100.0,22.86079178803983
2026-02-20 22:12:12,100.0,100.0,22.840787867984872
2026-02-20 22:12:27,100.0,100.0,22.820783947929918
2026-02-20 22:12:42,100.0,100.0,22.800780027874964
2026-02-20 22:12:57,100.0,100.0,22.78077610782001
2026-02-20 22:13:12,100.0,100.0,22.760772187765056
2026-02-20 22:13:27,100.0,100.0,22.7407682677101
2026-02-20 22:13:42,100.0,100.0,22.720764347655145
2026-02-20 22:13:57,100.0,100.0,22.70076042760019
2026-02-20 22:14:12,100.0,100.0,22.680756507545237
2026-02-20 22:14:27,100.0,100.0,22.66075258749028
2026-02-20 22:14:42,100.0,100.0,22.640748667435325
2026-02-20 22:14:57,100.0,100.0,22.62074474738037
2026-02-20 22:15:12,100.0,100.0,22.600740827325417
2026-02-20 22:15:27,100.0,100.0,22.580736907270463
2026-02-20 22:15:42,100.0,100.0,22.560732987215506
2026-02-20 22:15:57,100.0,100.0,22.54072906716055
2026-02-20 22:16:12,100.0,100.0,22.520725147105598
2026-02-20 22:16:27,100.0,98.87640449438202,22.500721227050644
2026-02-20 22:16:42,100.0,97.75280898876404,22.48071730699569
2026-02-20 22:16:57,100.0,96.62921348314607,22.460713386940732
2026-02-20 22:17:12,100.0,95.50561797752809,22.440709466885778
2026-02-20 22:17:27,100.0,94.3820224719101,22.420705546830824
2026-02-20 22:17:42,100.0,93.25842696629213,22.40070162677587
2026-02-20 22:17:57,100.0,92.13483146067416,22.380697706720916
2026-02-20 22:18:12,100.0,91.01123595505618,22.36069378666596
2026-02-20 22:18:27,100.0,89.8876404494382,22.340689866611005
2026-02-20 22:18:42,100.0,88.76404494382022,22.32068594655605
2026-02-20 22:18:57,100.0,87.64044943820225,22.300682026501097
2026-02-20 22:19:12,100.0,86.51685393258427,22.28067810644614
2026-02-20 22:19:27,100.0,85.39325842696628,22.260674186391185
2026-02-20 22:19:42,100.0,84.26966292134831,22.24067026633623
2026-02-20 22:19:57,100.0,83.14606741573034,22.220666346281277
2026-02-20 22:20:12,100.0,82.02247191011236,22.200662426226323
2026-02-20 22:20:27,100.0,80.89887640449437,22.180658506171365
2026-02-20 22:20:42,100.0,79.7752808988764,22.16065458611641
2026-02-20 22:20:57,100.0,78.65168539325843,22.140650666061457
2026-02-20 22:21:12,100.0,77.52808988764045,22.120646746006503
2026-02-20 22:21:27,100.0,76.40449438202246,22.100642825951546
2026-02-20 22:21:42,100.0,75.28089887640449,22.080638905896592
2026-02-20 22:21:57,100.0,74.15730337078652,22.060634985841638
2026-02-20 22:22:12,100.0,73.03370786516854,22.040631065786684
2026-02-20 22:22:27,100.0,71.91011235955057,22.02062714573173
2026-02-20 22:22:42,100.0,70.78651685393258,22.000623225676772
2026-02-20 22:22:57,100.0,70.58823529411765,21.98061930562182
2026-02-20 22:23:12,100.0,69.41176470588235,21.960615385566864
2026-02-20 22:23:27,100.0,68.23529411764706,21.94061146551191
2026-02-20 22:23:42,100.0,67.05882352941175,21.920607545456953
2026-02-20 22:23:57,100.0,65.88235294117646,21.900603625402
2026-02-20 22:24:12,100.0,64.70588235294117,21.880599705347045
2026-02-20 22:24:27,100.0,63.52941176470588,21.86059578529209
2026-02-20 22:24:42,100.0,62.35294117647059,21.840591865237137
2026-02-20 22:24:57,100.0,61.1764705882353,21.82058794518218
2026-02-20 22:25:12,100.0,60.0,21.800584025127225
2026-02-20 22:25:27,100.0,58.82352941176471,21.78058010507227
2026-02-20 22:25:42,100.0,57.647058823529406,21.760576185017317
2026-02-20 22:25:57,100.0,56.470588235294116,21.74057226496236
2026-02-20 22:26:12,100.0,55.294117647058826,21.720568344907406
2026-02-20 22:26:27,100.0,54.11764705882353,21.700564424852452
2026-02-20 22:26:42,100.0,52.94117647058824,21.680560504797498
2026-02-20 22:26:57,100.0,51.76470588235295,21.660556584742544
2026-02-20 22:27:12,100.0,50.588235294117645,21.64055266468759
2026-02-20 22:27:27,87.5,50.588235294117645,21.620548744632632
2026-02-20 22:27:42,87.5,50.588235294117645,21.60054482457768
2026-02-20 22:27:57,87.5,50.588235294117645,21.580540904522724
2026-02-20 22:28:12,87.5,50.588235294117645,21.56053698446777
2026-02-20 22:28:27,87.5,50.588235294117645,21.540533064412813
2026-02-20 22:28:42,87.5,50.588235294117645,21.52052914435786
2026-02-20 22:28:57,87.5,50.588235294117645,21.500525224302905
2026-02-20 22:29:12,87.5,50.588235294117645,21.48052130424795
2026-02-20 22:29:27,87.5,50.588235294117645,21.460517384192997
2026-02-20 22:29:42,87.5,50.588235294117645,21.44051346413804
2026-02-20 22:29:57,87.5,50.588235294117645,21.420509544083085
2026-02-20 22:30:12,87.5,49.411764705882355,21.40050562402813
2026-02-20 22:30:27,87.5,48.23529411764706,21.380501703973177
2026-02-20 22:30:42,87.5,47.05882352941176,21.36049778391822
2026-02-20 22:30:57,87.5,45.88235294117647,21.340493863863266
2026-02-20 22:31:12,75.0,44.70588235294118,21.32048994380831
2026-02-20 22:31:27,75.0,43.529411764705884,21.300486023753358
2026-02-20 22:31:42,75.0,42.35294117647059,21.280482103698404
2026-02-20 22:31:57,75.0,41.17647058823529,21.260478183643446
2026-02-20 22:32:12,75.0,41.17647058823529,21.240474263588492
2026-02-20 22:32:27,75.0,40.0,21.22047034353354
2026-02-20 22:32:42,75.0,38.82352941176471,21.200466423478584
2026-02-20 22:32:57,75.0,37.64705882352941,21.180462503423627
2026-02-20 22:33:12,75.0,36.470588235294116,21.160458583368673
2026-02-20 22:33:27,75.0,35.294117647058826,21.14045466331372
2026-02-20 22:33:42,75.0,34.11764705882353,21.120450743258765
2026-02-20 22:33:57,75.0,34.11764705882353,21.10044682320381
2026-02-20 22:34:12,75.0,32.94117647058823,21.080442903148853
2026-02-20 22:34:27,75.0,31.76470588235294,21.0604389830939
2026-02-20 22:34:42,75.0,30.58823529411765,21.040435063038945
2026-02-20 22:34:57,62.5,29.411764705882355,21.02043114298399
2026-02-20 22:35:12,62.5,28.235294117647058,21.000427222929034
2026-02-20 22:35:27,62.5,25.925925925925924,20.98042330287408
2026-02-20 22:35:42,62.5,24.691358024691358,20.960419382819126
2026-02-20 22:35:57,62.5,23.456790123456788,20.94041546276417
2026-02-20 22:36:12,62.5,22.22222222222222,20.920411542709218
2026-02-20 22:36:27,62.5,20.98765432098765,20.900407622654264
2026-02-20 22:36:42,62.5,19.753086419753085,20.880403702599306
2026-02-20 22:36:57,62.5,18.51851851851852,20.860399782544352
2026-02-20 22:37:12,62.5,17.28395061728395,20.840395862489398
2026-02-20 22:37:27,62.5,16.049382716049383,20.820391942434444
2026-02-20 22:37:42,62.5,16.049382716049383,20.800388022379487
2026-02-20 22:37:57,62.5,17.28395061728395,20.780384102324533
2026-02-20 22:38:12,50.0,18.51851851851852,20.76038018226958
2026-02-20 22:38:27,50.0,19.753086419753085,20.740376262214625
2026-02-20 22:38:42,50.0,20.98765432098765,20.72037234215967
2026-02-20 22:38:57,62.5,22.22222222222222,20.700368422104713
2026-02-20 22:39:12,62.5,23.456790123456788,20.68036450204976
2026-02-20 22:39:27,62.5,24.691358024691358,20.660360581994805
2026-02-20 22:39:42,62.5,24.691358024691358,20.64035666193985
2026-02-20 22:39:57,62.5,24.691358024691358,20.620352741884894
2026-02-20 22:40:12,62.5,25.925925925925924,20.60034882182994
2026-02-20 22:40:27,75.0,27.160493827160494,20.580344901774986
2026-02-20 22:40:42,75.0,28.39506172839506,20.56034098172003
2026-02-20 22:40:57,62.5,29.629629629629626,20.540337061665078
2026-02-20 22:41:12,62.5,30.864197530864196,20.52033314161012
2026-02-20 22:41:27,62.5,32.098765432098766,20.500329221555166
2026-02-20 22:41:42,62.5,32.098765432098766,20.480325301500212
2026-02-20 22:41:57,62.5,32.098765432098766,20.460321381445258
2026-02-20 22:42:12,62.5,33.33333333333333,20.4403174613903
2026-02-20 22:42:27,62.5,34.5679012345679,20.420313541335346
2026-02-20 22:42:42,62.5,35.80246913580247,20.400309621280392
2026-02-20 22:42:57,62.5,37.03703703703704,20.38030570122544
2026-02-20 22:43:12,62.5,38.2716049382716,20.360301781170485
2026-02-20 22:43:27,62.5,39.50617283950617,20.340297861115527
2026-02-20 22:43:42,62.5,40.74074074074074,20.320293941060573
2026-02-20 22:43:57,62.5,41.9753086419753,20.30029002100562
2026-02-20 22:44:12,62.5,43.20987654320987,20.280286100950665
2026-02-20 22:44:27,62.5,44.44444444444444,20.260282180895707
2026-02-20 22:44:42,62.5,45.67901234567901,20.240278260840753
2026-02-20 22:44:57,62.5,46.913580246913575,20.2202743407858
2026-02-20 22:45:12,62.5,48.148148148148145,20.200270420730845
2026-02-20 22:45:27,62.5,49.382716049382715,20.18026650067589
2026-02-20 22:45:42,62.5,50.617283950617285,20.160262580620937
2026-02-20 22:45:57,62.5,51.85185185185185,20.14025866056598
2026-02-20 22:46:12,62.5,53.086419753086425,20.120254740511026
2026-02-20 22:46:27,62.5,54.32098765432099,20.100250820456072
2026-02-20 22:46:42,62.5,55.55555555555556,20.080246900401118
2026-02-20 22:46:57,62.5,56.79012345679012,20.06024298034616
2026-02-20 22:47:12,62.5,58.0246913580247,20.040239060291206
2026-02-20 22:47:27,62.5,59.25925925925925,20.020235140236252
2026-02-20 22:47:42,62.5,60.49382716049383,20.0002312201813
2026-02-20 22:47:57,62.5,59.74025974025974,19.980227300126344
2026-02-20 22:48:12,62.5,59.74025974025974,19.960223380071387
2026-02-20 22:48:27,62.5,59.74025974025974,19.940219460016433
2026-02-20 22:48:42,62.5,59.74025974025974,19.92021553996148
2026-02-20 22:48:57,75.0,59.74025974025974,19.900211619906525
2026-02-20 22:49:12,75.0,59.74025974025974,19.880207699851567
2026-02-20 22:49:27,75.0,59.74025974025974,19.860203779796613
2026-02-20 22:49:42,75.0,59.74025974025974,19.84019985974166
2026-02-20 22:49:57,75.0,59.74025974025974,19.820195939686705
2026-02-20 22:50:12,75.0,59.74025974025974,19.80019201963175
2026-02-20 22:50:27,75.0,61.038961038961034,19.780188099576794
2026-02-20 22:50:42,75.0,62.33766233766234,19.76018417952184
2026-02-20 22:50:57,75.0,63.63636363636363,19.740180259466886
2026-02-20 22:51:12,75.0,64.93506493506493,19.720176339411932
2026-02-20 22:51:27,75.0,66.23376623376623,19.700172419356974
2026-02-20 22:51:42,75.0,67.53246753246754,19.68016849930202
2026-02-20 22:51:57,75.0,68.83116883116884,19.660164579247066
2026-02-20 22:52:12,75.0,70.12987012987013,19.640160659192112
2026-02-20 22:52:27,75.0,68.83116883116884,19.62015673913716
2026-02-20 22:52:42,75.0,68.83116883116884,19.600152819082204
2026-02-20 22:52:57,75.0,70.12987012987013,19.580148899027247
2026-02-20 22:53:12,75.0,71.42857142857143,19.560144978972293
2026-02-20 22:53:27,75.0,72.72727272727273,19.54014105891734
2026-02-20 22:53:42,75.0,74.02597402597402,19.52013713886238
2026-02-20 22:53:57,87.5,74.02597402597402,19.500133218807427
2026-02-20 22:54:12,87.5,72.72727272727273,19.480129298752473
2026-02-20 22:54:27,87.5,72.72727272727273,19.46012537869752
2026-02-20 22:54:42,87.5,72.72727272727273,19.440121458642565
2026-02-20 22:54:57,87.5,72.72727272727273,19.42011753858761
2026-02-20 22:55:12,87.5,72.72727272727273,19.400113618532654
2026-02-20 22:55:27,87.5,74.02597402597402,19.3801096984777
2026-02-20 22:55:42,87.5,75.32467532467533,19.360105778422746
2026-02-20 22:55:57,87.5,75.32467532467533,19.340101858367788
2026-02-20 22:56:12,87.5,76.62337662337663,19.320097938312834
2026-02-20 22:56:27,87.5,76.62337662337663,19.30009401825788
2026-02-20 22:56:42,87.5,76.62337662337663,19.280090098202926
2026-02-20 22:56:57,87.5,77.92207792207793,19.260086178147972
2026-02-20 22:57:12,87.5,79.22077922077922,19.240082258093018
2026-02-20 22:57:27,87.5,80.51948051948052,19.22007833803806
2026-02-20 22:57:42,87.5,80.51948051948052,19.200074417983107
2026-02-20 22:57:57,87.5,80.51948051948052,19.180070497928153
2026-02-20 22:58:12,87.5,80.51948051948052,19.1600665778732
2026-02-20 22:58:27,87.5,80.51948051948052,19.14006265781824
2026-02-20 22:58:42,87.5,80.51948051948052,19.120058737763287
2026-02-20 22:58:57,87.5,80.51948051948052,19.100054817708333
2026-02-20 22:59:12,87.5,80.51948051948052,19.08005089765338
2026-02-20 22:59:27,87.5,81.81818181818183,19.060046977598425
2026-02-20 22:59:42,87.5,83.11688311688312,19.040043057543468
2026-02-20 22:59:57,87.5,83.11688311688312,19.020039137488514
2026-02-20 23:00:12,87.5,83.11688311688312,19.00003521743356
2026-02-20 23:00:27,87.5,82.1917808219178,18.980031297378606
2026-02-20 23:00:42,87.5,82.1917808219178,18.960027377323648
2026-02-20 23:00:57,87.5,83.56164383561644,18.940023457268694
2026-02-20 23:01:12,87.5,84.93150684931507,18.92001953721374
2026-02-20 23:01:27,87.5,84.93150684931507,18.900015617158786
2026-02-20 23:01:42,87.5,84.93150684931507,18.880011697103832
2026-02-20 23:01:57,87.5,84.93150684931507,18.860007777048878
2026-02-20 23:02:12,87.5,84.93150684931507,18.84000385699392
2026-02-20 23:02:27,100.0,84.93150684931507,18.819999936938967
2026-02-20 23:02:42,100.0,84.93150684931507,18.799996016884013
2026-02-20 23:02:57,100.0,84.93150684931507,18.779992096829055
2026-02-20 23:03:12,100.0,84.93150684931507,18.7599881767741
2026-02-20 23:03:27,87.5,84.93150684931507,18.739984256719147
2026-02-20 23:03:42,87.5,84.93150684931507,18.719980336664193
2026-02-20 23:03:57,87.5,84.93150684931507,18.69997641660924
2026-02-20 23:04:12,87.5,84.93150684931507,18.679972496554285
2026-02-20 23:04:27,87.5,84.93150684931507,18.659968576499327
2026-02-20 23:04:42,87.5,84.93150684931507,18.639964656444374
2026-02-20 23:04:57,87.5,84.93150684931507,18.61996073638942
2026-02-20 23:05:12,87.5,84.93150684931507,18.599956816334462
2026-02-20 23:05:27,87.5,84.93150684931507,18.579952896279508
2026-02-20 23:05:42,87.5,84.93150684931507,18.559948976224554
2026-02-20 23:05:57,87.5,84.93150684931507,18.5399450561696
2026-02-20 23:06:12,87.5,84.93150684931507,18.519941136114646
2026-02-20 23:06:27,87.5,84.93150684931507,18.499937216059692
2026-02-20 23:06:42,87.5,84.93150684931507,18.479933296004734
2026-02-20 23:06:57,87.5,84.93150684931507,18.45992937594978
2026-02-20 23:07:12,87.5,84.93150684931507,18.439925455894826
2026-02-20 23:07:27,87.5,84.93150684931507,18.419921535839872
2026-02-20 23:07:42,87.5,84.93150684931507,18.399917615784915
2026-02-20 23:07:57,87.5,84.93150684931507,18.37991369572996
2026-02-20 23:08:12,87.5,84.93150684931507,18.359909775675007
2026-02-20 23:08:27,87.5,84.93150684931507,18.339905855620053
2026-02-20 23:08:42,87.5,84.93150684931507,18.3199019355651
2026-02-20 23:08:57,87.5,84.93150684931507,18.29989801551014
2026-02-20 23:09:12,87.5,84.93150684931507,18.279894095455187
2026-02-20 23:09:27,87.5,84.93150684931507,18.259890175400233
2026-02-20 23:09:42,100.0,84.93150684931507,18.23988625534528
2026-02-20 23:09:57,100.0,84.93150684931507,18.219882335290322
2026-02-20 23:10:12,100.0,84.93150684931507,18.199878415235368
2026-02-20 23:10:27,100.0,84.93150684931507,18.179874495180414
2026-02-20 23:10:42,100.0,84.93150684931507,18.15987057512546
2026-02-20 23:10:57,100.0,84.93150684931507,18.139866655070506
2026-02-20 23:11:12,100.0,86.3013698630137,18.119862735015552
2026-02-20 23:11:27,100.0,87.67123287671232,18.099858814960594
2026-02-20 23:11:42,100.0,87.67123287671232,18.07985489490564
2026-02-20 23:11:57,100.0,87.67123287671232,18.059850974850686
2026-02-20 23:12:12,100.0,87.67123287671232,18.03984705479573
2026-02-20 23:12:27,100.0,87.67123287671232,18.019843134740775
2026-02-20 23:12:42,100.0,91.30434782608695,17.99983921468582
2026-02-20 23:12:57,100.0,92.7536231884058,17.979835294630867
2026-02-20 23:13:12,100.0,94.20289855072464,17.959831374575913
2026-02-20 23:13:27,100.0,95.65217391304348,17.93982745452096
2026-02-20 23:13:42,100.0,95.65217391304348,17.919823534466
2026-02-20 23:13:57,100.0,95.65217391304348,17.899819614411047
2026-02-20 23:14:12,100.0,97.10144927536231,17.879815694356093
2026-02-20 23:14:27,100.0,97.10144927536231,17.859811774301136
2026-02-20 23:14:42,100.0,98.55072463768117,17.83980785424618
2026-02-20 23:14:57,100.0,100.0,17.819803934191228
2026-02-20 23:15:12,100.0,100.0,17.799800014136274
2026-02-20 23:15:27,100.0,100.0,17.77979609408132
2026-02-20 23:15:42,100.0,100.0,17.759792174026366
2026-02-20 23:15:57,100.0,100.0,17.73978825397141
2026-02-20 23:16:12,100.0,100.0,17.719784333916454
2026-02-20 23:16:27,100.0,100.0,17.6997804138615
2026-02-20 23:16:42,100.0,100.0,17.679776493806546
2026-02-20 23:16:57,100.0,100.0,17.65977257375159
2026-02-20 23:17:12,100.0,100.0,17.639768653696635
2026-02-20 23:17:27,100.0,100.0,17.61976473364168
2026-02-20 23:17:42,100.0,100.0,17.599760813586727
2026-02-20 23:17:57,100.0,100.0,17.579756893531773
2026-02-20 23:18:12,100.0,100.0,17.559752973476815
2026-02-20 23:18:27,100.0,100.0,17.53974905342186
2026-02-20 23:18:42,100.0,100.0,17.519745133366907
2026-02-20 23:18:57,100.0,100.0,17.499741213311953
2026-02-20 23:19:12,100.0,100.0,17.479737293256996
2026-02-20 23:19:27,100.0,100.0,17.45973337320204
2026-02-20 23:19:42,100.0,100.0,17.439729453147088
2026-02-20 23:19:57,100.0,100.0,17.419725533092134
2026-02-20 23:20:12,100.0,100.0,17.39972161303718
2026-02-20 23:20:27,100.0,100.0,17.379717692982226
2026-02-20 23:20:42,100.0,100.0,17.359713772927268
2026-02-20 23:20:57,100.0,100.0,17.339709852872314
2026-02-20 23:21:12,100.0,100.0,17.31970593281736
2026-02-20 23:21:27,100.0,100.0,17.299702012762403
2026-02-20 23:21:42,100.0,100.0,17.27969809270745
2026-02-20 23:21:57,100.0,100.0,17.259694172652495
2026-02-20 23:22:12,100.0,100.0,17.23969025259754
2026-02-20 23:22:27,100.0,100.0,17.219686332542587
2026-02-20 23:22:42,100.0,100.0,17.199682412487633
2026-02-20 23:22:57,100.0,100.0,17.179678492432675
2026-02-20 23:23:12,100.0,100.0,17.15967457237772
2026-02-20 23:23:27,100.0,100.0,17.139670652322767
2026-02-20 23:23:42,100.0,100.0,17.11966673226781
2026-02-20 23:23:57,100.0,100.0,17.099662812212856
2026-02-20 23:24:12,100.0,100.0,17.0796588921579
2026-02-20 23:24:27,100.0,100.0,17.059654972102948
2026-02-20 23:24:42,100.0,100.0,17.039651052047994
2026-02-20 23:24:57,100.0,100.0,17.01964713199304
2026-02-20 23:25:12,100.0,100.0,16.999643211938082
2026-02-20 23:25:27,100.0,100.0,16.979639291883128
2026-02-20 23:25:42,100.0,100.0,16.959635371828174
2026-02-20 23:25:57,100.0,100.0,16.93963145177322
2026-02-20 23:26:12,100.0,100.0,16.919627531718263
2026-02-20 23:26:27,100.0,100.0,16.89962361166331
2026-02-20 23:26:42,100.0,100.0,16.879619691608355
2026-02-20 23:26:57,100.0,100.0,16.8596157715534
2026-02-20 23:27:12,100.0,100.0,16.839611851498447
2026-02-20 23:27:27,100.0,100.0,16.81960793144349
2026-02-20 23:27:42,100.0,100.0,16.799604011388535
2026-02-20 23:27:57,100.0,100.0,16.77960009133358
2026-02-20 23:28:12,100.0,100.0,16.759596171278627
2026-02-20 23:28:27,100.0,100.0,16.73959225122367
2026-02-20 23:28:42,100.0,100.0,16.719588331168715
2026-02-20 23:28:57,100.0,100.0,16.69958441111376
2026-02-20 23:29:12,100.0,100.0,16.679580491058807
2026-02-20 23:29:27,100.0,100.0,16.659576571003853
2026-02-20 23:29:42,100.0,100.0,16.6395726509489
2026-02-20 23:29:57,100.0,100.0,16.619568730893942
2026-02-20 23:30:12,100.0,100.0,16.599564810838988
2026-02-20 23:30:27,100.0,100.0,16.579560890784034
2026-02-20 23:30:42,100.0,100.0,16.559556970729076
2026-02-20 23:30:57,100.0,100.0,16.539553050674122
2026-02-20 23:31:12,100.0,100.0,16.51954913061917
2026-02-20 23:31:27,100.0,100.0,16.499545210564214
2026-02-20 23:31:42,100.0,100.0,16.47954129050926
2026-02-20 23:31:57,100.0,100.0,16.459537370454306
2026-02-20 23:32:12,100.0,100.0,16.43953345039935
2026-02-20 23:32:27,100.0,100.0,16.419529530344395
2026-02-20 23:32:42,100.0,100.0,16.39952561028944
2026-02-20 23:32:57,100.0,100.0,16.379521690234483
2026-02-20 23:33:12,100.0,100.0,16.35951777017953
2026-02-20 23:33:27,100.0,100.0,16.339513850124575
2026-02-20 23:33:42,100.0,100.0,16.31950993006962
2026-02-20 23:33:57,100.0,100.0,16.299506010014667
2026-02-20 23:34:12,100.0,100.0,16.279502089959713
2026-02-20 23:34:27,100.0,100.0,16.259498169904756
2026-02-20 23:34:42,100.0,100.0,16.239494249849802
2026-02-20 23:34:57,100.0,100.0,16.219490329794848
2026-02-20 23:35:12,100.0,100.0,16.199486409739894
2026-02-20 23:35:27,100.0,100.0,16.179482489684936
2026-02-20 23:35:42,100.0,100.0,16.159478569629982
2026-02-20 23:35:57,100.0,100.0,16.13947464957503
2026-02-20 23:36:12,100.0,100.0,16.119470729520074
2026-02-20 23:36:27,100.0,100.0,16.09946680946512
2026-02-20 23:36:42,100.0,100.0,16.079462889410163
2026-02-20 23:36:57,100.0,100.0,16.05945896935521
2026-02-20 23:37:12,100.0,100.0,16.039455049300255
2026-02-20 23:37:27,100.0,100.0,16.0194511292453
2026-02-20 23:37:42,100.0,100.0,15.999447209190345
2026-02-20 23:37:57,100.0,100.0,15.97944328913539
2026-02-20 23:38:12,100.0,100.0,15.959439369080435
2026-02-20 23:38:27,100.0,100.0,15.939435449025481
2026-02-20 23:38:42,100.0,100.0,15.919431528970525
2026-02-20 23:38:57,100.0,100.0,15.899427608915571
2026-02-20 23:39:12,100.0,100.0,15.879423688860616
2026-02-20 23:39:27,100.0,100.0,15.859419768805662
2026-02-20 23:39:42,100.0,100.0,15.839415848750708
2026-02-20 23:39:57,100.0,100.0,15.819411928695752
2026-02-20 23:40:12,100.0,100.0,15.799408008640798
2026-02-20 23:40:27,100.0,100.0,15.779404088585842
2026-02-20 23:40:42,100.0,100.0,15.759400168530888
2026-02-20 23:40:57,100.0,100.0,15.739396248475932
2026-02-20 23:41:12,100.0,100.0,15.719392328420978
2026-02-20 23:41:27,100.0,100.0,15.699388408366023
2026-02-20 23:41:42,100.0,100.0,15.679384488311069
2026-02-20 23:41:57,100.0,100.0,15.659380568256115
2026-02-20 23:42:12,100.0,100.0,15.639376648201159
2026-02-20 23:42:27,100.0,100.0,15.619372728146205
2026-02-20 23:42:42,100.0,100.0,15.59936880809125
2026-02-20 23:42:57,100.0,100.0,15.579364888036295
2026-02-20 23:43:12,100.0,100.0,15.55936096798134
2026-02-20 23:43:27,100.0,100.0,15.539357047926385
2026-02-20 23:43:42,100.0,100.0,15.519353127871431
2026-02-20 23:43:57,100.0,100.0,15.499349207816476
2026-02-20 23:44:12,100.0,100.0,15.479345287761522
2026-02-20 23:44:27,100.0,100.0,15.459341367706566
2026-02-20 23:44:42,100.0,100.0,15.439337447651612
2026-02-20 23:44:57,100.0,100.0,15.419333527596656
2026-02-20 23:45:12,100.0,100.0,15.399329607541702
2026-02-20 23:45:27,100.0,100.0,15.379325687486748
2026-02-20 23:45:42,100.0,100.0,15.359321767431792
2026-02-20 23:45:57,100.0,100.0,15.339317847376838
2026-02-20 23:46:12,100.0,100.0,15.319313927321883
2026-02-20 23:46:27,100.0,100.0,15.299310007266929
2026-02-20 23:46:42,100.0,100.0,15.279306087211973
2026-02-20 23:46:57,100.0,100.0,15.259302167157019
2026-02-20 23:47:12,100.0,100.0,15.239298247102065
2026-02-20 23:47:27,100.0,100.0,15.219294327047109
2026-02-20 23:47:42,100.0,100.0,15.199290406992155
2026-02-20 23:47:57,100.0,100.0,15.1792864869372
2026-02-20 23:48:12,100.0,100.0,15.159282566882245
2026-02-20 23:48:27,100.0,100.0,15.13927864682729
2026-02-20 23:48:42,100.0,100.0,15.119274726772336
2026-02-20 23:48:57,100.0,100.0,15.099270806717382
2026-02-20 23:49:12,100.0,100.0,15.079266886662426
2026-02-20 23:49:27,100.0,100.0,15.059262966607472
2026-02-20 23:49:42,100.0,100.0,15.039259046552516
2026-02-20 23:49:57,100.0,98.36065573770492,15.019255126497562
2026-02-20 23:50:12,100.0,100.0,14.999251206442606
2026-02-20 23:50:27,100.0,98.24561403508771,14.979247286387652
2026-02-20 23:50:42,100.0,98.24561403508771,14.959243366332696
2026-02-20 23:50:57,100.0,98.24561403508771,14.939239446277742
2026-02-20 23:51:12,100.0,98.24561403508771,14.919235526222788
2026-02-20 23:51:27,100.0,98.24561403508771,14.899231606167833
2026-02-20 23:51:42,100.0,98.24561403508771,14.879227686112879
2026-02-20 23:51:57,100.0,96.49122807017544,14.859223766057923
2026-02-20 23:52:12,100.0,94.73684210526315,14.839219846002969
2026-02-20 23:52:27,100.0,94.73684210526315,14.819215925948013
2026-02-20 23:52:42,100.0,94.73684210526315,14.79921200589306
2026-02-20 23:52:57,100.0,94.73684210526315,14.779208085838105
2026-02-20 23:53:12,100.0,94.64285714285714,14.75920416578315
2026-02-20 23:53:27,100.0,94.54545454545455,14.739200245728195
2026-02-20 23:53:42,100.0,94.44444444444444,14.71919632567324
2026-02-20 23:53:57,100.0,94.33962264150944,14.699192405618286
2026-02-20 23:54:12,100.0,94.23076923076923,14.67918848556333
2026-02-20 23:54:27,100.0,94.11764705882352,14.659184565508376
2026-02-20 23:54:42,100.0,94.0,14.639180645453422
2026-02-20 23:54:57,100.0,93.87755102040816,14.619176725398466
2026-02-20 23:55:12,100.0,93.75,14.599172805343512
2026-02-20 23:55:27,100.0,93.61702127659575,14.579168885288556
2026-02-20 23:55:42,100.0,93.47826086956522,14.559164965233602
2026-02-20 23:55:57,100.0,93.33333333333333,14.539161045178647
2026-02-20 23:56:12,100.0,93.18181818181817,14.519157125123693
2026-02-20 23:56:27,100.0,93.02325581395348,14.499153205068739
2026-02-20 23:56:42,100.0,92.85714285714286,14.479149285013783
2026-02-20 23:56:57,100.0,92.6829268292683,14.459145364958829
2026-02-20 23:57:12,100.0,92.5,14.439141444903873
2026-02-20 23:57:27,100.0,92.3076923076923,14.419137524848919
2026-02-20 23:57:42,100.0,92.10526315789474,14.399133604793963
2026-02-20 23:57:57,100.0,91.8918918918919,14.37912968473901
2026-02-20 23:58:12,100.0,91.66666666666666,14.359125764684055
2026-02-20 23:58:27,100.0,91.42857142857143,14.3391218446291
2026-02-20 23:58:42,100.0,91.17647058823529,14.319117924574146
2026-02-20 23:58:57,100.0,90.9090909090909,14.29911400451919
2026-02-20 23:59:12,100.0,90.625,14.279110084464236
2026-02-20 23:59:27,100.0,90.32258064516128,14.25910616440928
2026-02-20 23:59:42,100.0,90.0,14.239102244354326
2026-02-20 23:59:57,100.0,89.65517241379311,14.21909832429937
